,route_no,latitude,longitude,elevation
0,0,51.25513531,6.836573123,96.0
1,0,51.25513,6.83656,96.0
2,0,51.25501,6.83569,99.0
3,0,51.25482,6.83466,99.0
4,0,51.25517,6.83371,95.0
5,0,51.25513,6.83286,91.0
6,0,51.25528,6.83193,87.0
7,0,51.25509,6.83074,86.0
8,0,51.25536,6.82965,79.0
9,0,51.25544,6.82881,77.0
10,0,51.25544,6.82883,77.0
11,0,51.25938,6.82907,93.0
12,0,51.26042,6.82911,98.0
13,0,51.26166,6.82925,86.0
14,0,51.26335,6.82937,81.0
15,0,51.26486,6.82939,70.0
16,0,51.26575,6.82943,71.0
17,0,51.26707,6.83042,74.0
18,0,51.26705,6.83038,74.0
19,0,51.26705,6.83037,74.0
20,0,51.26733,6.8309,73.0
21,0,51.26803341,6.830878257,71.0
22,0,51.26825493,6.830910444,70.0
23,0,51.26902018,6.831822395,68.0
24,0,51.2691343,6.832112073,67.0
25,0,51.27007405,6.832755804,69.0
26,0,51.27104064,6.834408044,72.0
27,0,51.27198708,6.835974454,72.0
28,0,51.27228913,6.836607456,72.0
29,0,51.27246364,6.837068796,74.0
30,0,51.27270528,6.837884187,75.0
31,0,51.27294691,6.838495731,75.0
32,0,51.27320868,6.839182376,73.0
33,0,51.27350401,6.839987039,76.0
34,0,51.27352415,6.840062141,76.0
35,0,51.27352,6.84005,76.0
36,0,51.27231,6.84157,91.0
37,0,51.27181,6.84218,100.0
38,0,51.27119,6.84302,108.0
39,0,51.27060434,6.842722892,116.0
40,0,51.27018145,6.842411756,117.0
41,0,51.26968473,6.84200406,117.0
42,0,51.26924841,6.841521263,118.0
43,0,51.2687114,6.840984821,120.0
44,0,51.26833548,6.840705871,121.0
45,0,51.26833,6.8407,122.0
46,0,51.26818,6.84059,122.0
47,0,51.26608,6.84051,116.0
48,0,51.26607,6.84051,116.0
49,0,51.26573,6.84081,119.0
50,0,51.26553,6.84128,118.0
51,0,51.26316,6.84534,123.0
52,0,51.26316,6.84535,123.0
53,0,51.26315,6.84537,123.0
54,0,51.26283,6.84515,125.0
55,0,51.26283,6.84514,125.0
56,0,51.26285,6.84516,125.0
57,0,51.26264,6.84542,124.0
58,0,51.26249,6.84562,123.0
59,0,51.26241,6.84568,122.0
60,0,51.26243,6.84568,122.0
61,0,51.26224662,6.84569478,123.0
62,0,51.26127984,6.845501661,122.0
63,0,51.26085016,6.845372915,123.0
64,0,51.26050775,6.845297813,122.0
65,0,51.25988335,6.84523344,121.0
66,0,51.25954094,6.845179796,118.0
67,0,51.25912467,6.845040321,116.0
68,0,51.25865468,6.845083236,115.0
69,0,51.25854725,6.845093965,114.0
70,0,51.25838611,6.845061779,114.0
71,0,51.25818468,6.845104694,110.0
72,0,51.25789597,6.845072507,104.0
73,0,51.25759383,6.845061779,97.0
74,0,51.2573924,6.844997406,93.0
75,0,51.25717754,6.845018863,90.0
76,0,51.25717,6.84501,90.0
77,0,51.25729,6.84291,91.0
78,0,51.2573,6.84154,94.0
79,0,51.25729,6.8413,95.0
80,0,51.25726,6.84111,94.0
81,0,51.25708,6.84037,96.0
82,0,51.25707,6.84037,96.0
83,0,51.25687,6.8396,96.0
84,0,51.25656,6.83901,97.0
85,0,51.25598,6.83813,97.0
86,0,51.25535,6.83741,93.0
87,0,51.255,6.83698,91.0
88,1,51.2486498,6.76186475,39.0
89,1,51.24864,6.76186,39.0
90,1,51.24858,6.76174,38.0
91,1,51.24856,6.7617,38.0
92,1,51.24853,6.7616,37.0
93,1,51.24853,6.76155,37.0
94,1,51.24855,6.76145,37.0
95,1,51.24856,6.7614,37.0
96,1,51.24862,6.76133,36.0
97,1,51.24868,6.76134,36.0
98,1,51.24871,6.7614,37.0
99,1,51.24871,6.76146,37.0
100,1,51.24871,6.76145,37.0
101,1,51.24871,6.7615,37.0
102,1,51.24867,6.7616,37.0
103,1,51.24857,6.76166,37.0
104,1,51.2485,6.76162,37.0
105,1,51.24847,6.76158,37.0
106,1,51.24847,6.76157,37.0
107,1,51.24846,6.76156,37.0
108,1,51.24843,6.7616,37.0
109,1,51.24832,6.76139,37.0
110,1,51.24831,6.76139,37.0
111,1,51.24757,6.7601,28.0
112,1,51.24757,6.76009,28.0
113,1,51.24599,6.75734,27.0
114,1,51.24599,6.75733,27.0
115,1,51.24532,6.75616,27.0
116,1,51.24531,6.75616,27.0
117,1,51.24478,6.75522,35.0
118,1,51.24478,6.75521,35.0
119,1,51.2441,6.75403,36.0
120,1,51.24409,6.75403,36.0
121,1,51.24309,6.75227,34.0
122,1,51.24309,6.75226,34.0
123,1,51.24281,6.75178,37.0
124,1,51.2428,6.75178,37.0
125,1,51.2427,6.7516,38.0
126,1,51.24268,6.75155,38.0
127,1,51.24267,6.75155,38.0
128,1,51.2427,6.7516,38.0
129,1,51.2425,6.75106,39.0
130,1,51.24249,6.75106,39.0
131,1,51.24243,6.75089,39.0
132,1,51.24246,6.75092,39.0
133,1,51.24245,6.75092,39.0
134,1,51.24268,6.75124,39.0
135,1,51.24268,6.75123,39.0
136,1,51.24286,6.75149,38.0
137,1,51.24293,6.75159,37.0
138,1,51.24295,6.75165,36.0
139,1,51.24296,6.75165,36.0
140,1,51.24295,6.75165,36.0
141,1,51.2432,6.75128,38.0
142,1,51.24348,6.75084,41.0
143,1,51.24439,6.7495,43.0
144,1,51.24487,6.74872,38.0
145,1,51.24537,6.74785,37.0
146,1,51.24575,6.74709,38.0
147,1,51.24607,6.74643,36.0
148,1,51.24626,6.74606,36.0
149,1,51.24668,6.74525,38.0
150,1,51.24692,6.7447,40.0
151,1,51.24718,6.74405,42.0
152,1,51.24764,6.74259,42.0
153,1,51.24771,6.74239,42.0
154,1,51.24796,6.74145,42.0
155,1,51.24807,6.74104,42.0
156,1,51.24834,6.74005,43.0
157,1,51.24874,6.73859,40.0
158,1,51.24889,6.738,41.0
159,1,51.24898,6.73768,40.0
160,1,51.24905,6.73735,40.0
161,1,51.24909,6.73706,40.0
162,1,51.24929,6.73585,38.0
163,1,51.24949,6.73511,39.0
164,1,51.24952,6.73498,39.0
165,1,51.24967,6.73447,40.0
166,1,51.24977,6.7341,41.0
167,1,51.24991,6.73356,40.0
168,1,51.24993,6.73316,39.0
169,1,51.24999,6.73289,38.0
170,1,51.25004,6.73274,37.0
171,1,51.25008,6.73259,37.0
172,1,51.25019,6.73233,37.0
173,1,51.25059,6.73176,39.0
174,1,51.25063,6.73161,39.0
175,1,51.25072,6.7313,40.0
176,1,51.25092,6.7306,40.0
177,1,51.25093,6.73057,40.0
178,1,51.25102,6.73025,38.0
179,1,51.2513,6.72927,39.0
180,1,51.25143,6.72875,38.0
181,1,51.25154,6.72836,37.0
182,1,51.25156,6.72828,37.0
183,1,51.25166,6.72794,38.0
184,1,51.25178,6.72752,40.0
185,1,51.25192,6.72704,41.0
186,1,51.25224,6.7259,37.0
187,1,51.25253,6.72488,37.0
188,1,51.25257,6.72474,37.0
189,1,51.25289,6.72353,35.0
190,1,51.25296,6.72338,35.0
191,1,51.25296,6.72337,35.0
192,1,51.25309,6.72292,33.0
193,1,51.25346,6.72156,31.0
194,1,51.2537,6.72071,34.0
195,1,51.25375,6.7205,33.0
196,1,51.2539,6.71998,32.0
197,1,51.25454,6.71774,34.0
198,1,51.25455,6.7177,34.0
199,1,51.255,6.7161,33.0
200,1,51.25507,6.71584,33.0
201,1,51.25553,6.71473,32.0
202,1,51.25577,6.71414,34.0
203,1,51.25615,6.71317,30.0
204,1,51.25638,6.71261,33.0
205,1,51.25686,6.71148,30.0
206,1,51.25688,6.71142,30.0
207,1,51.25735,6.7104,31.0
208,1,51.25775,6.70966,31.0
209,1,51.25777,6.70963,31.0
210,1,51.258,6.70925,34.0
211,1,51.25839,6.70865,34.0
212,1,51.25868,6.70823,33.0
213,1,51.25869,6.70821,33.0
214,1,51.25901,6.7078,33.0
215,1,51.25965,6.707,33.0
216,1,51.25974,6.70689,34.0
217,1,51.26034,6.70617,33.0
218,1,51.26113,6.70527,33.0
219,1,51.26113,6.70528,33.0
220,1,51.26135,6.70503,33.0
221,1,51.26138,6.705,33.0
222,1,51.26229,6.70392,33.0
223,1,51.26365,6.70232,32.0
224,1,51.26403,6.70187,33.0
225,1,51.26409,6.70181,33.0
226,1,51.26507,6.70069,32.0
227,1,51.26538,6.70034,32.0
228,1,51.26588,6.69985,31.0
229,1,51.26612,6.69968,31.0
230,1,51.26668,6.6994,31.0
231,1,51.26687,6.6993,31.0
232,1,51.26727,6.69917,33.0
233,1,51.26789,6.69904,33.0
234,1,51.26808,6.699,32.0
235,1,51.26881,6.69888,34.0
236,1,51.26923,6.69881,34.0
237,1,51.26945,6.69878,34.0
238,1,51.2698,6.6987,35.0
239,1,51.26993,6.69865,35.0
240,1,51.26993,6.69866,35.0
241,1,51.26999,6.69864,35.0
242,1,51.27049,6.69851,35.0
243,1,51.27058,6.69849,35.0
244,1,51.27069,6.69846,35.0
245,1,51.27072,6.69835,35.0
246,1,51.27078,6.69811,36.0
247,1,51.2709,6.69731,36.0
248,1,51.27093,6.69724,36.0
249,1,51.27094,6.69722,36.0
250,1,51.27103,6.69718,35.0
251,1,51.27109,6.69716,35.0
252,1,51.27269,6.69654,34.0
253,1,51.27295,6.69642,33.0
254,1,51.27295,6.69643,33.0
255,1,51.27315,6.69633,32.0
256,1,51.27338,6.69637,32.0
257,1,51.27356,6.69644,33.0
258,1,51.27405,6.69671,33.0
259,1,51.27423,6.69682,33.0
260,1,51.27432,6.69687,33.0
261,1,51.27431,6.69687,33.0
262,1,51.27566,6.69766,32.0
263,1,51.27637,6.69815,32.0
264,1,51.2769,6.69858,32.0
265,1,51.2772,6.69885,32.0
266,1,51.2772,6.69884,32.0
267,1,51.27764,6.69922,31.0
268,1,51.27882,6.7003,36.0
269,1,51.27897,6.70038,37.0
270,1,51.27897,6.70037,37.0
271,1,51.27915,6.70047,37.0
272,1,51.27916,6.70043,37.0
273,1,51.27922,6.70028,36.0
274,1,51.27927,6.70011,36.0
275,1,51.27932,6.70005,36.0
276,1,51.27937,6.70003,36.0
277,1,51.27943,6.70004,36.0
278,1,51.27947,6.70008,35.0
279,1,51.2795,6.70017,35.0
280,1,51.2795,6.70026,35.0
281,1,51.27949,6.70036,35.0
282,1,51.27945,6.7004,35.0
283,1,51.27941,6.70043,35.0
284,1,51.27936,6.70044,36.0
285,1,51.27929,6.70038,36.0
286,1,51.27926,6.70031,36.0
287,1,51.27925,6.70023,36.0
288,1,51.27926,6.70013,36.0
289,1,51.27931,6.70006,36.0
290,1,51.27935,6.70003,36.0
291,1,51.2794,6.70003,36.0
292,1,51.27945,6.70006,35.0
293,1,51.27948,6.70012,35.0
294,1,51.2795,6.70021,35.0
295,1,51.2795,6.7003,35.0
296,1,51.27943,6.7006,34.0
297,1,51.27941,6.70066,34.0
298,1,51.27903,6.70174,31.0
299,1,51.27847,6.70337,26.0
300,1,51.27775,6.70545,26.0
301,1,51.27715,6.70719,26.0
302,1,51.27704,6.70751,26.0
303,1,51.27615,6.7101,36.0
304,1,51.27536,6.71238,36.0
305,1,51.275,6.71344,34.0
306,1,51.27498,6.7135,34.0
307,1,51.27457,6.71449,32.0
308,1,51.27456,6.71449,32.0
309,1,51.27451,6.71443,32.0
310,1,51.27455,6.71425,32.0
311,1,51.27479,6.71339,34.0
312,1,51.2748,6.71339,34.0
313,1,51.27481,6.71333,34.0
314,1,51.27485,6.71326,34.0
315,1,51.27495,6.71324,34.0
316,1,51.27497,6.71324,34.0
317,1,51.27502,6.71313,34.0
318,1,51.27494,6.71309,34.0
319,1,51.27493,6.71309,34.0
320,1,51.2748,6.71301,34.0
321,1,51.27461,6.71284,34.0
322,1,51.27453,6.7127,33.0
323,1,51.27412,6.71247,32.0
324,1,51.27411,6.71247,32.0
325,1,51.27293,6.7118,35.0
326,1,51.27188,6.71132,32.0
327,1,51.27188,6.71131,32.0
328,1,51.27169,6.71122,32.0
329,1,51.271,6.71105,34.0
330,1,51.26937,6.71083,32.0
331,1,51.26886,6.71084,33.0
332,1,51.26855,6.71084,34.0
333,1,51.26791,6.71099,34.0
334,1,51.26727,6.7112,35.0
335,1,51.26679,6.71145,37.0
336,1,51.26628,6.71176,36.0
337,1,51.26549,6.71236,36.0
338,1,51.26515,6.7127,35.0
339,1,51.26467,6.71325,36.0
340,1,51.26417,6.71394,36.0
341,1,51.26351,6.71503,36.0
342,1,51.26321,6.71571,35.0
343,1,51.26287,6.71648,34.0
344,1,51.26282,6.71657,34.0
345,1,51.26249,6.71744,36.0
346,1,51.26221,6.71815,34.0
347,1,51.26196,6.71895,35.0
348,1,51.26098,6.72212,38.0
349,1,51.26097,6.72214,38.0
350,1,51.26036,6.72408,40.0
351,1,51.26031,6.72425,40.0
352,1,51.25979,6.72592,36.0
353,1,51.25978,6.72596,36.0
354,1,51.25977,6.72605,36.0
355,1,51.25974,6.72607,36.0
356,1,51.25968,6.72611,36.0
357,1,51.25961,6.72619,36.0
358,1,51.25952,6.72634,36.0
359,1,51.25949,6.72645,37.0
360,1,51.25942,6.72671,38.0
361,1,51.25896,6.72853,40.0
362,1,51.25865,6.72975,39.0
363,1,51.25856,6.7301,39.0
364,1,51.25848,6.73042,40.0
365,1,51.25845,6.73056,40.0
366,1,51.2582,6.73146,40.0
367,1,51.25814,6.73175,41.0
368,1,51.2581,6.73191,41.0
369,1,51.25792,6.73255,38.0
370,1,51.25777,6.73312,36.0
371,1,51.25765,6.73359,36.0
372,1,51.25762,6.73369,36.0
373,1,51.25754,6.73403,37.0
374,1,51.25729,6.73492,36.0
375,1,51.25722,6.73516,35.0
376,1,51.2568,6.73654,38.0
377,1,51.25657,6.73733,38.0
378,1,51.25647,6.73766,37.0
379,1,51.25631,6.7382,38.0
380,1,51.25603,6.73918,39.0
381,1,51.2559,6.7396,39.0
382,1,51.25584,6.73983,39.0
383,1,51.25552,6.74091,42.0
384,1,51.25533,6.74157,41.0
385,1,51.25521,6.74203,40.0
386,1,51.2552,6.74205,40.0
387,1,51.25517,6.74214,40.0
388,1,51.25517,6.74216,40.0
389,1,51.25512,6.74229,40.0
390,1,51.25505,6.74254,40.0
391,1,51.25498,6.74276,39.0
392,1,51.25488,6.74311,39.0
393,1,51.25483,6.74322,38.0
394,1,51.25474,6.74332,38.0
395,1,51.25472,6.74334,37.0
396,1,51.25467,6.74339,37.0
397,1,51.25467,6.7434,37.0
398,1,51.25453,6.74355,36.0
399,1,51.25451,6.74359,36.0
400,1,51.25441,6.74396,36.0
401,1,51.25423,6.74459,37.0
402,1,51.25393,6.74569,34.0
403,1,51.25389,6.74581,34.0
404,1,51.25385,6.74599,33.0
405,1,51.25384,6.746,33.0
406,1,51.25348,6.74732,35.0
407,1,51.25347,6.74735,35.0
408,1,51.25311,6.74867,38.0
409,1,51.25295,6.74927,35.0
410,1,51.25278,6.7499,34.0
411,1,51.25249,6.751,39.0
412,1,51.25233,6.75156,40.0
413,1,51.25233,6.75157,40.0
414,1,51.25215,6.75231,38.0
415,1,51.25176,6.75385,37.0
416,1,51.25172,6.75399,38.0
417,1,51.25148,6.75484,36.0
418,1,51.2513,6.75548,36.0
419,1,51.25115,6.756,35.0
420,1,51.25098,6.75659,33.0
421,1,51.25069,6.7576,32.0
422,1,51.25067,6.75766,32.0
423,1,51.25063,6.75777,32.0
424,1,51.25047,6.7581,33.0
425,1,51.25015,6.75878,34.0
426,1,51.24994,6.75922,34.0
427,1,51.24993,6.75923,34.0
428,1,51.24974,6.75964,34.0
429,1,51.24941,6.76033,35.0
430,1,51.24905,6.76106,38.0
431,1,51.24892,6.76134,37.0
432,1,51.24877,6.76164,37.0
433,1,51.24875,6.76168,38.0
434,1,51.24872,6.76174,38.0
435,1,51.24867,6.76182,38.0
436,2,51.2188447,6.76688048,39.0
437,2,51.21884,6.76687,39.0
438,2,51.21888,6.76688,39.0
439,2,51.21896,6.767,38.0
440,2,51.21899,6.76712,38.0
441,2,51.21898,6.76726,38.0
442,2,51.21894,6.76737,38.0
443,2,51.21886,6.76741,38.0
444,2,51.21879,6.76736,38.0
445,2,51.21878,6.76733,38.0
446,2,51.21878,6.76732,38.0
447,2,51.21874,6.7672,38.0
448,2,51.21874,6.76718,38.0
449,2,51.21874,6.76708,38.0
450,2,51.2187607,6.76698777,38.0
451,2,51.2187842,6.76691803,39.0
452,2,51.2188178,6.76686438,39.0
453,2,51.2188816,6.766741,39.0
454,2,51.21888,6.76674,39.0
455,2,51.2188,6.76686,39.0
456,2,51.21882,6.76687,39.0
457,2,51.21884,6.76687,39.0
458,2,51.21888,6.76688,39.0
459,2,51.21896,6.767,38.0
460,2,51.21899,6.76712,38.0
461,2,51.21898,6.76726,38.0
462,2,51.21894,6.76737,38.0
463,2,51.21886,6.76741,38.0
464,2,51.21879,6.76736,38.0
465,2,51.21874,6.7672,38.0
466,2,51.21875,6.76702,38.0
467,2,51.21878,6.76693,39.0
468,2,51.21886,6.76676,39.0
469,2,51.21912,6.76631,37.0
470,2,51.21925,6.76613,38.0
471,2,51.21949,6.76578,34.0
472,2,51.21953,6.76574,33.0
473,2,51.22061,6.76445,28.0
474,2,51.22371,6.76072,28.0
475,2,51.22413,6.7603,28.0
476,2,51.22434,6.76013,28.0
477,2,51.22459,6.75997,28.0
478,2,51.22464,6.75995,28.0
479,2,51.22504,6.75979,28.0
480,2,51.22534,6.75972,28.0
481,2,51.22577,6.75969,29.0
482,2,51.22586,6.75968,29.0
483,2,51.226,6.75966,31.0
484,2,51.22613,6.75963,33.0
485,2,51.22624,6.75958,35.0
486,2,51.22625,6.75958,35.0
487,2,51.22626,6.75957,35.0
488,2,51.22633,6.75986,37.0
489,2,51.22633,6.75985,37.0
490,2,51.22633,6.75986,37.0
491,2,51.22642,6.76009,39.0
492,2,51.22648,6.7602,39.0
493,2,51.22663,6.76046,42.0
494,2,51.22663,6.76045,42.0
495,2,51.22666,6.7605,42.0
496,2,51.2268,6.76067,45.0
497,2,51.22697,6.76083,47.0
498,2,51.22714,6.76098,48.0
499,2,51.22731,6.76125,46.0
500,2,51.22736,6.76132,45.0
501,2,51.22736,6.76131,45.0
502,2,51.22755,6.76153,41.0
503,2,51.22809,6.76193,39.0
504,2,51.22833,6.76215,38.0
505,2,51.22832,6.76215,38.0
506,2,51.22845,6.76225,39.0
507,2,51.2288,6.76241,40.0
508,2,51.22889,6.76245,41.0
509,2,51.22893,6.76244,41.0
510,2,51.22897,6.76242,41.0
511,2,51.22905,6.76241,41.0
512,2,51.22911,6.76245,41.0
513,2,51.22924,6.7625,41.0
514,2,51.22941,6.76258,41.0
515,2,51.2294,6.76258,41.0
516,2,51.22955,6.76266,41.0
517,2,51.22984,6.76279,41.0
518,2,51.22998,6.76291,41.0
519,2,51.23021,6.76312,40.0
520,2,51.23038,6.76321,38.0
521,2,51.23056,6.76325,33.0
522,2,51.23056,6.76324,33.0
523,2,51.23059,6.76326,33.0
524,2,51.23072,6.76331,33.0
525,2,51.23103,6.76337,39.0
526,2,51.23113,6.76338,42.0
527,2,51.23112,6.76338,42.0
528,2,51.23117,6.76338,41.0
529,2,51.23134,6.76339,40.0
530,2,51.23142,6.76339,39.0
531,2,51.23191,6.76338,33.0
532,2,51.23211,6.76335,33.0
533,2,51.23214,6.76334,33.0
534,2,51.23246,6.76323,36.0
535,2,51.23256,6.76317,37.0
536,2,51.23272,6.76294,39.0
537,2,51.23283,6.76267,41.0
538,2,51.23286,6.7626,41.0
539,2,51.23285,6.76259,41.0
540,2,51.23284,6.76259,41.0
541,2,51.23286,6.7626,41.0
542,2,51.23297,6.76245,42.0
543,2,51.23311,6.76237,43.0
544,2,51.23334,6.76233,45.0
545,2,51.23385,6.76219,40.0
546,2,51.23387,6.76218,40.0
547,2,51.23392,6.76217,39.0
548,2,51.23426,6.76204,37.0
549,2,51.23452,6.76192,38.0
550,2,51.2346,6.76188,38.0
551,2,51.23481,6.76176,38.0
552,2,51.23549,6.76131,38.0
553,2,51.23609,6.76085,39.0
554,2,51.2361,6.76084,39.0
555,2,51.23629,6.76069,40.0
556,2,51.2369,6.76016,40.0
557,2,51.23716,6.75989,40.0
558,2,51.23722,6.75983,40.0
559,2,51.2379,6.75902,41.0
560,2,51.23841,6.75827,34.0
561,2,51.2391,6.75725,35.0
562,2,51.23964,6.75645,36.0
563,2,51.24092,6.75453,37.0
564,2,51.241,6.75441,37.0
565,2,51.24113,6.75421,36.0
566,2,51.2418,6.7532,37.0
567,2,51.24228,6.75257,35.0
568,2,51.24247,6.75236,35.0
569,2,51.24244,6.75229,35.0
570,2,51.24243,6.75226,36.0
571,2,51.24243,6.75219,36.0
572,2,51.24244,6.75214,36.0
573,2,51.24247,6.75205,36.0
574,2,51.2424,6.75187,37.0
575,2,51.2423,6.75162,38.0
576,2,51.2423,6.75161,38.0
577,2,51.24222,6.75142,39.0
578,2,51.24222,6.75141,39.0
579,2,51.24222,6.7514,39.0
580,2,51.24241,6.75162,38.0
581,2,51.24241,6.75161,38.0
582,2,51.24255,6.75178,37.0
583,2,51.24256,6.75179,37.0
584,2,51.24256,6.75178,37.0
585,2,51.24324,6.75297,35.0
586,2,51.24324,6.75296,35.0
587,2,51.24466,6.75544,34.0
588,2,51.24466,6.75543,34.0
589,2,51.24749,6.76034,31.0
590,2,51.24749,6.76033,31.0
591,2,51.24815,6.76148,37.0
592,2,51.2483,6.76175,38.0
593,2,51.2483,6.76174,38.0
594,2,51.2483,6.76176,38.0
595,2,51.24828,6.76179,38.0
596,2,51.24828,6.7618,38.0
597,2,51.24832,6.7619,38.0
598,2,51.24833,6.76197,39.0
599,2,51.24833,6.76204,39.0
600,2,51.24829,6.76215,40.0
601,2,51.2482,6.76221,40.0
602,2,51.24817,6.7622,40.0
603,2,51.24814,6.76217,40.0
604,2,51.24813,6.76206,39.0
605,2,51.24815,6.76199,39.0
606,2,51.24823,6.76193,38.0
607,2,51.24827,6.76192,38.0
608,2,51.2483,6.76192,38.0
609,2,51.24831,6.76193,38.0
610,2,51.24831,6.76192,38.0
611,2,51.24841,6.76204,39.0
612,2,51.24847,6.76213,40.0
613,2,51.24845,6.76218,41.0
614,2,51.24843,6.76222,41.0
615,2,51.24838,6.76232,41.0
616,2,51.24831,6.76246,41.0
617,2,51.24829,6.76249,41.0
618,2,51.24816,6.76271,43.0
619,2,51.24813,6.76276,43.0
620,2,51.24805,6.76276,43.0
621,2,51.24803,6.76274,43.0
622,2,51.24803,6.76273,43.0
623,2,51.24757,6.7619,35.0
624,2,51.24756,6.7619,35.0
625,2,51.24742,6.76164,34.0
626,2,51.24739,6.76161,34.0
627,2,51.24734,6.76157,34.0
628,2,51.2473,6.76156,34.0
629,2,51.24719,6.76159,34.0
630,2,51.24714,6.76164,34.0
631,2,51.24682,6.76212,33.0
632,2,51.24682,6.76213,33.0
633,2,51.24663,6.76241,33.0
634,2,51.24664,6.76253,34.0
635,2,51.24638,6.76289,36.0
636,2,51.24574,6.76377,31.0
637,2,51.24559,6.76397,29.0
638,2,51.24502,6.76472,27.0
639,2,51.24462,6.76518,27.0
640,2,51.24417,6.7657,27.0
641,2,51.24363,6.76624,30.0
642,2,51.24328,6.76659,27.0
643,2,51.24281,6.76701,31.0
644,2,51.24281,6.76702,31.0
645,2,51.24279,6.76704,31.0
646,2,51.24211,6.76758,34.0
647,2,51.24156,6.76801,35.0
648,2,51.24142,6.76812,34.0
649,2,51.24063,6.76864,30.0
650,2,51.24004,6.76903,33.0
651,2,51.23922,6.76952,41.0
652,2,51.2391,6.76957,39.0
653,2,51.23762,6.77019,32.0
654,2,51.23727,6.77034,32.0
655,2,51.23715,6.77041,32.0
656,2,51.23708,6.77046,33.0
657,2,51.23701,6.77052,34.0
658,2,51.23701,6.77049,33.0
659,2,51.23701,6.77052,34.0
660,2,51.23696,6.77065,35.0
661,2,51.2367,6.77145,38.0
662,2,51.23666,6.77162,38.0
663,2,51.23665,6.77162,38.0
664,2,51.23664,6.77162,38.0
665,2,51.23637,6.77152,39.0
666,2,51.23628,6.77149,39.0
667,2,51.23627,6.77149,39.0
668,2,51.23625,6.77148,39.0
669,2,51.23562,6.77148,40.0
670,2,51.23556,6.77148,40.0
671,2,51.23501,6.77149,42.0
672,2,51.23432,6.77148,37.0
673,2,51.2341,6.77148,36.0
674,2,51.23405,6.77149,36.0
675,2,51.23396,6.77149,36.0
676,2,51.23392,6.77149,36.0
677,2,51.23345,6.7715,37.0
678,2,51.23323,6.7715,36.0
679,2,51.23322,6.7715,36.0
680,2,51.23239,6.77149,35.0
681,2,51.23205,6.77144,34.0
682,2,51.23204,6.77144,34.0
683,2,51.23182,6.77141,33.0
684,2,51.23148,6.7713,31.0
685,2,51.23135,6.77127,31.0
686,2,51.23125,6.77125,31.0
687,2,51.23124,6.77125,31.0
688,2,51.23026,6.77102,28.0
689,2,51.2302,6.77102,28.0
690,2,51.23019,6.77102,28.0
691,2,51.22919,6.77091,28.0
692,2,51.22918,6.77091,28.0
693,2,51.22885,6.77087,29.0
694,2,51.22862,6.77083,35.0
695,2,51.22861,6.77083,35.0
696,2,51.22855,6.77082,35.0
697,2,51.22837,6.77079,34.0
698,2,51.2282,6.77077,33.0
699,2,51.22791,6.77073,32.0
700,2,51.2279,6.77073,32.0
701,2,51.22776,6.77072,32.0
702,2,51.22773,6.77071,31.0
703,2,51.2275697,6.77078041,31.0
704,2,51.227432,6.77083942,32.0
705,2,51.2273211,6.77082869,31.0
706,2,51.2270975,6.77078577,31.0
707,2,51.2269766,6.77077504,30.0
708,2,51.2268825,6.77075895,30.0
709,2,51.2266541,6.77072677,32.0
710,2,51.22665,6.77071,32.0
711,2,51.22659,6.7707,34.0
712,2,51.22584,6.77041,38.0
713,2,51.22559,6.7703,34.0
714,2,51.22558,6.7703,34.0
715,2,51.22553,6.77027,33.0
716,2,51.22541,6.77023,32.0
717,2,51.22503,6.77005,37.0
718,2,51.22497,6.77002,38.0
719,2,51.22492,6.76999,38.0
720,2,51.22483,6.76994,38.0
721,2,51.22467,6.76984,37.0
722,2,51.22458,6.76979,37.0
723,2,51.22437,6.76964,39.0
724,2,51.22428,6.76959,40.0
725,2,51.2241,6.76948,43.0
726,2,51.2241,6.76947,43.0
727,2,51.22379,6.76928,45.0
728,2,51.22322,6.7689,45.0
729,2,51.22321,6.7689,45.0
730,2,51.22291,6.7687,39.0
731,2,51.22283,6.76865,39.0
732,2,51.22248,6.76843,44.0
733,2,51.22169,6.76789,39.0
734,2,51.22168,6.76789,39.0
735,2,51.22165,6.76786,39.0
736,2,51.22149,6.76772,40.0
737,2,51.22068,6.76722,54.0
738,2,51.22063,6.76719,54.0
739,2,51.22063,6.76718,53.0
740,2,51.22055,6.76714,52.0
741,2,51.22005,6.76681,31.0
742,2,51.21973,6.76654,37.0
743,2,51.21964,6.76646,37.0
744,2,51.21963,6.76646,37.0
745,2,51.21958,6.76641,38.0
746,2,51.2193,6.76615,38.0
747,3,51.2272251,6.78008767,36.0
748,3,51.22722,6.78008,36.0
749,3,51.22724,6.78006,36.0
750,3,51.22737,6.77986,37.0
751,3,51.22741,6.77979,38.0
752,3,51.22742,6.7798,38.0
753,3,51.22742,6.77979,38.0
754,3,51.22743,6.77982,38.0
755,3,51.22758,6.78003,39.0
756,3,51.22763,6.78003,40.0
757,3,51.22771,6.77996,41.0
758,3,51.22771,6.77997,41.0
759,3,51.22775,6.77994,41.0
760,3,51.2278,6.77968,43.0
761,3,51.22784,6.77956,43.0
762,3,51.22802,6.77916,45.0
763,3,51.22803,6.77911,46.0
764,3,51.22804,6.77907,46.0
765,3,51.22803,6.77906,46.0
766,3,51.22803,6.77905,46.0
767,3,51.22804,6.77907,46.0
768,3,51.22807,6.77904,46.0
769,3,51.22827,6.77888,47.0
770,3,51.2283,6.77885,47.0
771,3,51.22833,6.77883,47.0
772,3,51.22836,6.77888,47.0
773,3,51.2285,6.77906,46.0
774,3,51.22855,6.77915,46.0
775,3,51.22858,6.77926,45.0
776,3,51.2286,6.77936,45.0
777,3,51.2286,6.77935,45.0
778,3,51.22864,6.7796,43.0
779,3,51.2287,6.77974,42.0
780,3,51.22898,6.78011,37.0
781,3,51.229,6.78016,37.0
782,3,51.22899,6.78016,37.0
783,3,51.22903,6.78024,38.0
784,3,51.22908,6.78039,38.0
785,3,51.22911,6.78049,37.0
786,3,51.22903,6.7806,37.0
787,3,51.22884,6.78066,37.0
788,3,51.22884,6.78068,37.0
789,3,51.22884,6.78067,37.0
790,3,51.22886,6.78077,38.0
791,3,51.22892,6.78101,39.0
792,3,51.229,6.78136,37.0
793,3,51.22901,6.78136,37.0
794,3,51.229,6.78136,37.0
795,3,51.22918,6.78137,36.0
796,3,51.22922,6.78146,36.0
797,3,51.22921,6.78146,36.0
798,3,51.22922,6.78146,36.0
799,3,51.22932,6.7818,37.0
800,3,51.22949,6.78235,41.0
801,3,51.22949,6.78234,41.0
802,3,51.2295,6.78237,41.0
803,3,51.22931,6.78254,41.0
804,3,51.22912,6.78271,43.0
805,3,51.22911,6.78272,43.0
806,3,51.2291,6.78283,44.0
807,3,51.22908,6.78354,45.0
808,3,51.22907,6.78356,45.0
809,3,51.22903,6.78468,41.0
810,3,51.22897,6.78587,39.0
811,3,51.22893,6.78701,40.0
812,3,51.22915,6.78691,41.0
813,3,51.22922,6.78689,41.0
814,3,51.22927,6.78689,41.0
815,3,51.2295,6.78692,43.0
816,3,51.22959,6.78696,43.0
817,3,51.22959,6.78695,43.0
818,3,51.22969,6.787,44.0
819,3,51.22991,6.78696,42.0
820,3,51.23021,6.78685,41.0
821,3,51.2303,6.78683,41.0
822,3,51.23041,6.78687,41.0
823,3,51.23056,6.78689,42.0
824,3,51.23067,6.78685,42.0
825,3,51.23066,6.78685,42.0
826,3,51.23067,6.78685,42.0
827,3,51.23043,6.7861,43.0
828,3,51.2303,6.78567,44.0
829,3,51.23013,6.78515,44.0
830,3,51.22991,6.78444,44.0
831,3,51.2299,6.78443,44.0
832,3,51.2299,6.78442,44.0
833,3,51.22991,6.78444,44.0
834,3,51.22998,6.78438,44.0
835,3,51.23018,6.78423,44.0
836,3,51.23018,6.78422,44.0
837,3,51.23017,6.78422,44.0
838,3,51.23018,6.78423,44.0
839,3,51.23024,6.78423,44.0
840,3,51.23023,6.78423,44.0
841,3,51.23024,6.78423,44.0
842,3,51.23033,6.78366,45.0
843,3,51.23032,6.78366,45.0
844,3,51.23026,6.78361,45.0
845,3,51.23022,6.78355,45.0
846,3,51.23019,6.78345,45.0
847,3,51.23019,6.78331,46.0
848,3,51.23018,6.78306,47.0
849,3,51.23013,6.7826,47.0
850,3,51.23013,6.78193,46.0
851,3,51.23013,6.78192,46.0
852,3,51.23013,6.78193,46.0
853,3,51.23019,6.78192,46.0
854,3,51.23024,6.78191,46.0
855,3,51.23026,6.78191,46.0
856,3,51.23019,6.78123,43.0
857,3,51.23017,6.78104,41.0
858,3,51.23038,6.78098,42.0
859,3,51.2304,6.78098,42.0
860,3,51.23038,6.78084,41.0
861,3,51.23036,6.78075,41.0
862,3,51.23031,6.78048,41.0
863,3,51.23031,6.78047,41.0
864,3,51.23031,6.78048,41.0
865,3,51.23049,6.7804,42.0
866,3,51.23063,6.78034,44.0
867,3,51.23102,6.78015,47.0
868,3,51.23214,6.77948,46.0
869,3,51.23251,6.77934,45.0
870,3,51.23286,6.7791,49.0
871,3,51.23286,6.77909,49.0
872,3,51.23247,6.77849,48.0
873,3,51.23228,6.77811,46.0
874,3,51.2327,6.77788,48.0
875,3,51.23271,6.77788,48.0
876,3,51.2327,6.77787,48.0
877,3,51.23271,6.77776,48.0
878,3,51.23281,6.77602,47.0
879,3,51.23282,6.776,47.0
880,3,51.23269,6.77568,44.0
881,3,51.23261,6.77569,44.0
882,3,51.23251,6.7757,44.0
883,3,51.23239,6.77575,44.0
884,3,51.23207,6.77601,42.0
885,3,51.23191,6.77618,39.0
886,3,51.2319,6.77616,39.0
887,3,51.2319,6.77615,39.0
888,3,51.23191,6.77618,39.0
889,3,51.23192,6.77638,39.0
890,3,51.23194,6.77675,40.0
891,3,51.23194,6.77698,41.0
892,3,51.23191,6.77722,41.0
893,3,51.23187,6.77736,41.0
894,3,51.23182,6.77745,41.0
895,3,51.23179,6.7775,41.0
896,3,51.23167,6.77756,41.0
897,3,51.23137,6.77756,40.0
898,3,51.23129,6.77757,40.0
899,3,51.23115,6.77757,40.0
900,3,51.23107,6.77759,40.0
901,3,51.23085,6.77777,40.0
902,3,51.23079,6.77785,41.0
903,3,51.23079,6.77786,41.0
904,3,51.23071,6.77812,44.0
905,3,51.23056,6.77836,47.0
906,3,51.23056,6.77837,47.0
907,3,51.23056,6.77836,47.0
908,3,51.23048,6.77828,46.0
909,3,51.23048,6.77827,46.0
910,3,51.23047,6.77827,46.0
911,3,51.23048,6.77828,46.0
912,3,51.23043,6.77835,47.0
913,3,51.23037,6.77838,47.0
914,3,51.23033,6.77839,47.0
915,3,51.23022,6.77838,47.0
916,3,51.22998,6.77834,44.0
917,3,51.22992,6.77834,43.0
918,3,51.22978,6.77836,41.0
919,3,51.22965,6.77841,41.0
920,3,51.22959,6.77847,41.0
921,3,51.22954,6.77858,42.0
922,3,51.22953,6.77858,42.0
923,3,51.22944,6.77849,42.0
924,3,51.22934,6.7784,43.0
925,3,51.22912,6.77812,45.0
926,3,51.22908,6.77809,45.0
927,3,51.22904,6.77807,46.0
928,3,51.22891,6.77801,48.0
929,3,51.22884,6.77803,49.0
930,3,51.22875,6.77808,49.0
931,3,51.22853,6.77819,49.0
932,3,51.2285,6.77822,49.0
933,3,51.22846,6.77831,49.0
934,3,51.22844,6.77837,49.0
935,3,51.22841,6.77853,48.0
936,3,51.22836,6.77869,47.0
937,3,51.22834,6.77878,47.0
938,3,51.22833,6.77883,47.0
939,3,51.22827,6.77888,47.0
940,3,51.22807,6.77904,46.0
941,3,51.22804,6.77907,46.0
942,3,51.22803,6.77911,46.0
943,3,51.22802,6.77915,45.0
944,3,51.22802,6.77916,45.0
945,3,51.22784,6.77956,43.0
946,3,51.2278,6.77968,43.0
947,3,51.22779,6.77972,43.0
948,3,51.22775,6.77994,41.0
949,3,51.22763,6.78003,40.0
950,3,51.22758,6.78003,39.0
951,3,51.22755,6.77998,38.0
952,3,51.22754,6.77998,38.0
953,3,51.22743,6.77982,38.0
954,3,51.22741,6.77979,38.0
955,3,51.22737,6.77986,37.0
956,3,51.22734,6.77991,37.0
957,3,51.22724,6.78006,36.0
958,3,51.22722,6.78008,36.0
959,3,51.2272,6.78004,36.0
960,4,51.2195391,6.80331802,42.0
961,4,51.21953,6.80331,42.0
962,4,51.2211,6.8017,41.0
963,4,51.2211,6.80169,40.0
964,4,51.22074,6.80076,40.0
965,4,51.22073,6.80075,40.0
966,4,51.21993,6.80153,45.0
967,4,51.2192,6.80223,43.0
968,4,51.2188801,6.8025434,43.0
969,4,51.21887,6.80254,43.0
970,4,51.21805,6.80333,44.0
971,4,51.2179,6.80344,44.0
972,4,51.21774,6.80361,46.0
973,4,51.21774,6.8036,46.0
974,4,51.21767,6.80404,49.0
975,4,51.21766,6.80404,49.0
976,4,51.21801,6.8049,47.0
977,4,51.21952,6.80333,42.0
978,5,51.2188565,6.76687511,39.0
979,5,51.21885,6.76687,39.0
980,5,51.21888,6.76688,39.0
981,5,51.21895,6.76698,38.0
982,5,51.21895,6.76697,38.0
983,5,51.21896,6.767,38.0
984,5,51.21899,6.76712,38.0
985,5,51.21898,6.76722,38.0
986,5,51.21898,6.76726,38.0
987,5,51.21894,6.76737,38.0
988,5,51.21893,6.76737,38.0
989,5,51.21893,6.76738,38.0
990,5,51.21886,6.76741,38.0
991,5,51.21879,6.76736,38.0
992,5,51.21877,6.76729,38.0
993,5,51.21877,6.76728,38.0
994,5,51.21874,6.7672,38.0
995,5,51.21875,6.76702,38.0
996,5,51.21878,6.76693,39.0
997,5,51.21886,6.76676,39.0
998,5,51.21912,6.76631,37.0
999,5,51.21949,6.76578,34.0
1000,5,51.21995,6.76524,28.0
1001,5,51.22181,6.763,28.0
1002,5,51.22371,6.76072,28.0
1003,5,51.22405,6.76038,28.0
1004,5,51.22413,6.7603,28.0
1005,5,51.22434,6.76013,28.0
1006,5,51.22459,6.75997,28.0
1007,5,51.2246,6.75997,28.0
1008,5,51.22504,6.75979,28.0
1009,5,51.22534,6.75972,28.0
1010,5,51.22583,6.75968,29.0
1011,5,51.22583,6.75969,29.0
1012,5,51.22586,6.75968,29.0
1013,5,51.226,6.75966,31.0
1014,5,51.22613,6.75963,33.0
1015,5,51.22624,6.75958,35.0
1016,5,51.22626,6.75957,35.0
1017,5,51.22626,6.75959,35.0
1018,5,51.22625,6.75958,35.0
1019,5,51.22626,6.75957,35.0
1020,5,51.22633,6.75986,37.0
1021,5,51.22635,6.75991,37.0
1022,5,51.22635,6.7599,37.0
1023,5,51.22642,6.76009,39.0
1024,5,51.22648,6.7602,39.0
1025,5,51.22666,6.7605,42.0
1026,5,51.2268,6.76067,45.0
1027,5,51.22697,6.76083,47.0
1028,5,51.22714,6.76098,48.0
1029,5,51.22727,6.76118,47.0
1030,5,51.22726,6.76118,47.0
1031,5,51.22731,6.76125,46.0
1032,5,51.22755,6.76153,41.0
1033,5,51.22809,6.76193,39.0
1034,5,51.22837,6.76218,39.0
1035,5,51.22836,6.76218,39.0
1036,5,51.22845,6.76225,39.0
1037,5,51.2288,6.76241,40.0
1038,5,51.22889,6.76245,41.0
1039,5,51.22897,6.76242,41.0
1040,5,51.22905,6.76241,41.0
1041,5,51.22911,6.76245,41.0
1042,5,51.22924,6.7625,41.0
1043,5,51.22941,6.76258,41.0
1044,5,51.2294,6.76258,41.0
1045,5,51.22955,6.76266,41.0
1046,5,51.22984,6.76279,41.0
1047,5,51.22998,6.76291,41.0
1048,5,51.23021,6.76312,40.0
1049,5,51.23038,6.76321,38.0
1050,5,51.23057,6.76326,33.0
1051,5,51.23056,6.76326,33.0
1052,5,51.23059,6.76326,33.0
1053,5,51.23072,6.76331,33.0
1054,5,51.23103,6.76337,39.0
1055,5,51.23117,6.76338,41.0
1056,5,51.23133,6.76339,40.0
1057,5,51.23132,6.76339,40.0
1058,5,51.23134,6.76339,40.0
1059,5,51.23134,6.76346,39.0
1060,5,51.23134,6.76347,39.0
1061,5,51.2314,6.76347,39.0
1062,5,51.2314,6.76353,39.0
1063,5,51.23133,6.76353,39.0
1064,5,51.23133,6.76347,39.0
1065,5,51.23144,6.76347,38.0
1066,5,51.23144,6.76357,38.0
1067,5,51.23144,6.76356,38.0
1068,5,51.23145,6.76521,28.0
1069,5,51.23145,6.7652,28.0
1070,5,51.23147,6.76846,28.0
1071,5,51.23147,6.76845,28.0
1072,5,51.23149,6.77199,41.0
1073,5,51.23149,6.77198,41.0
1074,5,51.23149,6.77217,42.0
1075,5,51.23148,6.77237,43.0
1076,5,51.23148,6.77264,43.0
1077,5,51.23148,6.77279,44.0
1078,5,51.23148,6.77287,44.0
1079,5,51.23145,6.77291,43.0
1080,5,51.23145,6.77292,43.0
1081,5,51.23135,6.77362,41.0
1082,5,51.23134,6.77362,41.0
1083,5,51.23133,6.77361,41.0
1084,5,51.2313,6.77295,42.0
1085,5,51.23129,6.77284,42.0
1086,5,51.2313,6.77285,42.0
1087,5,51.23129,6.77285,42.0
1088,5,51.23129,6.77284,42.0
1089,5,51.23121,6.77284,41.0
1090,5,51.23116,6.77283,40.0
1091,5,51.23113,6.77282,40.0
1092,5,51.23112,6.77282,40.0
1093,5,51.23116,6.77283,40.0
1094,5,51.23116,6.77265,41.0
1095,5,51.23119,6.77239,42.0
1096,5,51.23119,6.77218,42.0
1097,5,51.23119,6.77191,42.0
1098,5,51.23116,6.7719,42.0
1099,5,51.23115,6.7719,42.0
1100,5,51.23113,6.77188,42.0
1101,5,51.23112,6.77182,42.0
1102,5,51.2311,6.7718,43.0
1103,5,51.23097,6.77176,43.0
1104,5,51.23019,6.77148,34.0
1105,5,51.23018,6.77148,34.0
1106,5,51.23016,6.77147,33.0
1107,5,51.23026,6.77106,28.0
1108,5,51.23026,6.77102,28.0
1109,5,51.23019,6.77102,28.0
1110,5,51.22913,6.7709,28.0
1111,5,51.22912,6.7709,28.0
1112,5,51.22885,6.77087,29.0
1113,5,51.22855,6.77082,35.0
1114,5,51.22837,6.77079,34.0
1115,5,51.2282,6.77077,33.0
1116,5,51.22781,6.77072,32.0
1117,5,51.2278,6.77072,32.0
1118,5,51.22776,6.77072,32.0
1119,5,51.22773,6.77071,31.0
1120,5,51.22772,6.77071,31.0
1121,5,51.22771,6.77071,31.0
1122,5,51.22757,6.77082,32.0
1123,5,51.2272778,6.77085015,32.0
1124,5,51.2269217,6.77081796,31.0
1125,5,51.22692,6.77077,30.0
1126,5,51.22685,6.77076,31.0
1127,5,51.22666,6.77071,31.0
1128,5,51.22661,6.7707,33.0
1129,5,51.2266,6.7707,33.0
1130,5,51.22659,6.7707,34.0
1131,5,51.22584,6.77041,38.0
1132,5,51.22553,6.77027,33.0
1133,5,51.22541,6.77023,32.0
1134,5,51.22524,6.77015,32.0
1135,5,51.22523,6.77015,32.0
1136,5,51.22503,6.77005,37.0
1137,5,51.22497,6.77002,38.0
1138,5,51.22492,6.76999,38.0
1139,5,51.22483,6.76994,38.0
1140,5,51.22467,6.76984,37.0
1141,5,51.22458,6.76979,37.0
1142,5,51.22447,6.76971,38.0
1143,5,51.22446,6.76971,38.0
1144,5,51.22437,6.76964,39.0
1145,5,51.22428,6.76959,40.0
1146,5,51.22406,6.76945,43.0
1147,5,51.22405,6.76945,44.0
1148,5,51.22379,6.76928,45.0
1149,5,51.22334,6.76898,47.0
1150,5,51.22333,6.76898,47.0
1151,5,51.22291,6.7687,39.0
1152,5,51.22283,6.76865,39.0
1153,5,51.22248,6.76843,44.0
1154,5,51.22185,6.768,37.0
1155,5,51.22185,6.76799,37.0
1156,5,51.22165,6.76786,39.0
1157,5,51.22149,6.76772,40.0
1158,5,51.221,6.76742,46.0
1159,5,51.221,6.76741,46.0
1160,5,51.22068,6.76722,54.0
1161,5,51.22055,6.76714,52.0
1162,5,51.22021,6.76692,36.0
1163,5,51.22021,6.76691,36.0
1164,5,51.22005,6.76681,31.0
1165,5,51.21973,6.76654,37.0
1166,5,51.21958,6.76641,38.0
1167,5,51.2193,6.76614,38.0
1168,5,51.2193,6.76615,38.0
1169,6,51.2380267,6.83077096,46.0
1170,6,51.23802,6.83077,46.0
1171,6,51.23799,6.83066,46.0
1172,6,51.23793,6.83055,46.0
1173,6,51.23787,6.83048,46.0
1174,6,51.23779,6.83046,46.0
1175,6,51.23778,6.83046,46.0
1176,6,51.23775,6.83045,46.0
1177,6,51.23768,6.83048,46.0
1178,6,51.23656,6.83108,42.0
1179,6,51.2359,6.83248,46.0
1180,6,51.23589,6.83253,46.0
1181,6,51.235062,6.83423423,46.0
1182,6,51.2348632,6.8346033,44.0
1183,6,51.23486,6.83459,43.0
1184,6,51.2348,6.83471,43.0
1185,6,51.23478,6.8348,43.0
1186,6,51.23479,6.83507,44.0
1187,6,51.23486,6.83546,44.0
1188,6,51.23486,6.83545,44.0
1189,6,51.23519,6.83706,48.0
1190,6,51.23527,6.83739,47.0
1191,6,51.23547,6.83774,48.0
1192,6,51.23547,6.83773,48.0
1193,6,51.23575,6.83824,48.0
1194,6,51.23575,6.83823,48.0
1195,6,51.23576,6.83825,48.0
1196,6,51.23582,6.83807,48.0
1197,6,51.23582,6.83806,48.0
1198,6,51.23578,6.838,48.0
1199,6,51.23576,6.83786,48.0
1200,6,51.23647,6.83546,47.0
1201,6,51.23647,6.83545,47.0
1202,6,51.2372,6.83305,45.0
1203,6,51.2376,6.8317,44.0
1204,6,51.23768,6.83152,44.0
1205,6,51.238,6.83096,46.0
1206,6,51.23802,6.83082,46.0
1207,7,51.2168514,6.77398833,39.0
1208,7,51.21684,6.77398,39.0
1209,7,51.21684,6.77444,42.0
1210,7,51.21683,6.77503,44.0
1211,7,51.21682,6.77503,44.0
1212,7,51.21683,6.77503,44.0
1213,7,51.21695,6.77509,44.0
1214,7,51.21713,6.77505,43.0
1215,7,51.21755,6.77505,42.0
1216,7,51.2178,6.77505,42.0
1217,7,51.21805,6.77504,42.0
1218,7,51.21805,6.77503,42.0
1219,7,51.21804,6.77462,40.0
1220,7,51.21802,6.77423,38.0
1221,7,51.21798,6.77409,37.0
1222,7,51.21798,6.77407,37.0
1223,7,51.21797,6.77407,37.0
1224,7,51.21794,6.77395,37.0
1225,7,51.21791,6.77383,37.0
1226,7,51.21786,6.77295,38.0
1227,7,51.21786,6.77284,39.0
1228,7,51.21785,6.7726,39.0
1229,7,51.21785,6.77259,39.0
1230,7,51.21791,6.77258,40.0
1231,7,51.21802,6.77254,40.0
1232,7,51.2181,6.77248,41.0
1233,7,51.21829,6.77227,43.0
1234,7,51.21846,6.77194,41.0
1235,7,51.21856,6.77171,40.0
1236,7,51.21862,6.77161,39.0
1237,7,51.21867,6.77154,39.0
1238,7,51.21868,6.77155,39.0
1239,7,51.21868,6.77154,39.0
1240,7,51.21877,6.77166,38.0
1241,7,51.21884,6.77178,38.0
1242,7,51.21887,6.77185,38.0
1243,7,51.21891,6.77196,38.0
1244,7,51.2189,6.77238,38.0
1245,7,51.21888,6.77294,38.0
1246,7,51.21886,6.7734,37.0
1247,7,51.21887,6.77518,42.0
1248,7,51.21889,6.77525,42.0
1249,7,51.21889,6.77524,42.0
1250,7,51.21889,6.77525,42.0
1251,7,51.21885,6.77532,41.0
1252,7,51.21885,6.77543,40.0
1253,7,51.21875,6.77543,41.0
1254,7,51.21865,6.77543,41.0
1255,7,51.21842,6.77542,42.0
1256,7,51.21842,6.77526,42.0
1257,7,51.21839,6.7751,42.0
1258,7,51.21838,6.7751,42.0
1259,7,51.21837,6.77503,42.0
1260,7,51.2181,6.77433,38.0
1261,7,51.21802,6.77423,38.0
1262,7,51.21798,6.77409,37.0
1263,7,51.21794,6.77395,37.0
1264,7,51.21791,6.77383,37.0
1265,7,51.2178,6.77368,39.0
1266,7,51.21771,6.77349,40.0
1267,7,51.21771,6.77347,40.0
1268,7,51.21771,6.77338,40.0
1269,7,51.21784,6.773,38.0
1270,7,51.21786,6.77295,38.0
1271,7,51.21786,6.77284,39.0
1272,7,51.21785,6.77259,39.0
1273,7,51.21783,6.77247,40.0
1274,7,51.2178,6.77248,40.0
1275,7,51.21773,6.7725,39.0
1276,7,51.2173,6.77261,41.0
1277,7,51.21686,6.77272,43.0
1278,7,51.21686,6.77274,43.0
1279,7,51.21686,6.77287,42.0
1280,7,51.21682,6.77289,42.0
1281,7,51.21678,6.77292,42.0
1282,7,51.2167,6.77298,42.0
1283,7,51.21666,6.77303,42.0
1284,7,51.2163,6.77301,42.0
1285,7,51.21626,6.77294,42.0
1286,7,51.21625,6.77285,42.0
1287,7,51.21619,6.77299,42.0
1288,7,51.21607,6.77329,43.0
1289,7,51.21601,6.7735,43.0
1290,7,51.21593,6.77381,44.0
1291,7,51.21588,6.77408,44.0
1292,7,51.21582,6.77467,42.0
1293,7,51.21585,6.77477,42.0
1294,7,51.21586,6.77479,42.0
1295,7,51.21586,6.77478,42.0
1296,7,51.21587,6.7748,42.0
1297,7,51.2159,6.77482,42.0
1298,7,51.2161,6.77484,42.0
1299,7,51.2161,6.77485,42.0
1300,7,51.2161,6.77484,42.0
1301,7,51.21614,6.7746,43.0
1302,7,51.21619,6.77442,44.0
1303,7,51.21624,6.77423,44.0
1304,7,51.21621,6.77411,44.0
1305,7,51.2162,6.77396,44.0
1306,7,51.21621,6.77384,44.0
1307,7,51.21621,6.77383,44.0
1308,7,51.21624,6.77373,43.0
1309,7,51.21625,6.77351,42.0
1310,7,51.21657,6.77351,41.0
1311,7,51.21656,6.77351,41.0
1312,7,51.21677,6.77351,40.0
1313,7,51.21685,6.77351,39.0
1314,7,51.21684,6.77394,39.0
1315,8,51.2481251,6.76276597,43.0
1316,8,51.24812,6.76276,43.0
1317,8,51.24805,6.76276,43.0
1318,8,51.24803,6.76273,43.0
1319,8,51.24803,6.76272,43.0
1320,8,51.24778,6.76229,39.0
1321,8,51.24778,6.76228,39.0
1322,8,51.24742,6.76164,34.0
1323,8,51.24739,6.76161,34.0
1324,8,51.24734,6.76157,34.0
1325,8,51.24733,6.76157,34.0
1326,8,51.24732,6.76157,34.0
1327,8,51.2473,6.76156,34.0
1328,8,51.24719,6.76159,34.0
1329,8,51.24714,6.76164,34.0
1330,8,51.24663,6.76241,33.0
1331,8,51.24664,6.76253,34.0
1332,8,51.24641,6.76285,36.0
1333,8,51.24574,6.76377,31.0
1334,8,51.24546,6.76414,29.0
1335,8,51.24502,6.76472,27.0
1336,8,51.24426,6.7656,27.0
1337,8,51.24417,6.7657,27.0
1338,8,51.24328,6.76659,27.0
1339,8,51.24322,6.76665,27.0
1340,8,51.24279,6.76704,31.0
1341,8,51.24211,6.76758,34.0
1342,8,51.24201,6.76766,36.0
1343,8,51.24142,6.76812,34.0
1344,8,51.24048,6.76874,31.0
1345,8,51.24004,6.76903,33.0
1346,8,51.23953,6.76933,39.0
1347,8,51.23953,6.76934,39.0
1348,8,51.23922,6.76952,41.0
1349,8,51.23827,6.76992,30.0
1350,8,51.23728,6.77033,32.0
1351,8,51.23727,6.77034,32.0
1352,8,51.23717,6.7704,32.0
1353,8,51.23715,6.77041,32.0
1354,8,51.23708,6.77065,34.0
1355,8,51.23697,6.77101,37.0
1356,8,51.23701,6.77115,37.0
1357,8,51.23707,6.77125,37.0
1358,8,51.23706,6.77125,37.0
1359,8,51.23714,6.77137,37.0
1360,8,51.23717,6.77135,37.0
1361,8,51.23753,6.77121,34.0
1362,8,51.23765,6.77133,36.0
1363,8,51.23764,6.77133,36.0
1364,8,51.2377,6.77138,36.0
1365,8,51.23794,6.77129,36.0
1366,8,51.23815,6.77122,36.0
1367,8,51.23836,6.77116,35.0
1368,8,51.23858,6.77108,36.0
1369,8,51.23937,6.7708,38.0
1370,8,51.23941,6.77078,38.0
1371,8,51.23942,6.77088,38.0
1372,8,51.23949,6.77088,37.0
1373,8,51.23963,6.77087,37.0
1374,8,51.23966,6.77086,37.0
1375,8,51.23976,6.77083,38.0
1376,8,51.24018,6.77068,39.0
1377,8,51.24018,6.77069,39.0
1378,8,51.24025,6.77066,40.0
1379,8,51.24027,6.77062,40.0
1380,8,51.24037,6.7707,40.0
1381,8,51.24036,6.7707,40.0
1382,8,51.24039,6.77073,40.0
1383,8,51.24051,6.77082,40.0
1384,8,51.2407,6.77092,39.0
1385,8,51.24074,6.7709,39.0
1386,8,51.24095,6.77082,39.0
1387,8,51.24162,6.77047,39.0
1388,8,51.24182,6.77036,38.0
1389,8,51.24192,6.77031,39.0
1390,8,51.24196,6.77028,39.0
1391,8,51.24251,6.76993,41.0
1392,8,51.24257,6.76989,41.0
1393,8,51.24362,6.76903,46.0
1394,8,51.2438,6.76885,45.0
1395,8,51.24405,6.7686,42.0
1396,8,51.24454,6.76811,41.0
1397,8,51.245,6.76755,44.0
1398,8,51.2451,6.76743,43.0
1399,8,51.24565,6.76674,40.0
1400,8,51.24585,6.76645,38.0
1401,8,51.24598,6.76627,39.0
1402,8,51.24602,6.76624,40.0
1403,8,51.24605,6.7662,40.0
1404,8,51.2464,6.76572,42.0
1405,8,51.24709,6.7646,44.0
1406,8,51.24712,6.76456,44.0
1407,8,51.24751,6.76393,45.0
1408,8,51.24789,6.76321,44.0
1409,8,51.24811,6.76279,44.0
1410,9,51.1584619,6.87233126,50.0
1411,9,51.15846,6.87233,50.0
1412,9,51.15749,6.87237,51.0
1413,9,51.15748,6.87237,51.0
1414,9,51.15544,6.87234,52.0
1415,9,51.15527,6.87225,51.0
1416,9,51.15507,6.87211,50.0
1417,9,51.15504,6.87194,50.0
1418,9,51.15469,6.87096,49.0
1419,9,51.1546,6.87081,49.0
1420,9,51.15451,6.87071,49.0
1421,9,51.1545,6.87071,49.0
1422,9,51.15449,6.87055,49.0
1423,9,51.15449,6.87045,49.0
1424,9,51.15449,6.87044,49.0
1425,9,51.15431,6.87034,47.0
1426,9,51.1542,6.87024,46.0
1427,9,51.15406,6.86994,45.0
1428,9,51.15407,6.86993,45.0
1429,9,51.15378,6.86921,44.0
1430,9,51.15367,6.86904,44.0
1431,9,51.15367,6.86903,44.0
1432,9,51.15267,6.86874,42.0
1433,9,51.15221,6.86865,43.0
1434,9,51.15199,6.86857,42.0
1435,9,51.15198,6.86857,42.0
1436,9,51.15201,6.8684,42.0
1437,9,51.15227,6.86745,44.0
1438,9,51.1528,6.86585,46.0
1439,9,51.15345,6.86397,46.0
1440,9,51.15349,6.86362,45.0
1441,9,51.15347,6.86331,45.0
1442,9,51.15348,6.86331,45.0
1443,9,51.15347,6.86331,45.0
1444,9,51.15373,6.86332,45.0
1445,9,51.15373,6.8633,45.0
1446,9,51.15374,6.86311,45.0
1447,9,51.15404,6.86222,47.0
1448,9,51.154,6.86206,47.0
1449,9,51.15399,6.86206,47.0
1450,9,51.15404,6.862,47.0
1451,9,51.15409,6.86188,47.0
1452,9,51.1541,6.86086,45.0
1453,9,51.1549965,6.86071729,44.0
1454,9,51.1559251,6.86051881,46.0
1455,9,51.1569984,6.86013793,43.0
1456,9,51.157964,6.85985898,45.0
1457,9,51.15796,6.85985,45.0
1458,9,51.15895,6.86042,46.0
1459,9,51.15894,6.86042,46.0
1460,9,51.15975,6.86035,49.0
1461,9,51.16121,6.86026,48.0
1462,9,51.16122,6.86026,48.0
1463,9,51.16122,6.86636,46.0
1464,9,51.16123,6.86643,46.0
1465,9,51.16126,6.86645,46.0
1466,9,51.16125,6.86645,46.0
1467,9,51.16129,6.86648,46.0
1468,9,51.16135,6.86645,46.0
1469,9,51.16137,6.86651,46.0
1470,9,51.16146,6.86658,47.0
1471,9,51.16219,6.8668,47.0
1472,9,51.16219,6.86679,47.0
1473,9,51.16224,6.8668,47.0
1474,9,51.16224,6.86785,46.0
1475,9,51.1622,6.86796,45.0
1476,9,51.16217,6.86801,45.0
1477,9,51.16216,6.86805,45.0
1478,9,51.16216,6.86871,46.0
1479,9,51.16218,6.86889,46.0
1480,9,51.16222,6.86893,46.0
1481,9,51.16247,6.86903,46.0
1482,9,51.16246,6.86903,46.0
1483,9,51.16272,6.86916,47.0
1484,9,51.16287,6.86934,47.0
1485,9,51.16299,6.86957,47.0
1486,9,51.16309,6.87,47.0
1487,9,51.16312,6.87031,48.0
1488,9,51.16312,6.87055,48.0
1489,9,51.16312,6.87054,48.0
1490,9,51.16311,6.87078,48.0
1491,9,51.16308,6.8711,47.0
1492,9,51.16296,6.8715,46.0
1493,9,51.16289,6.87164,46.0
1494,9,51.16275,6.87182,46.0
1495,9,51.16262,6.87191,46.0
1496,9,51.16238,6.87198,45.0
1497,9,51.16238,6.87199,45.0
1498,9,51.16221,6.87208,44.0
1499,9,51.16219,6.87211,44.0
1500,9,51.1621424,6.87226152,43.0
1501,9,51.1621391,6.87306082,44.0
1502,9,51.16214,6.87306,44.0
1503,9,51.16214,6.87374,45.0
1504,9,51.16212,6.87386,45.0
1505,9,51.16204,6.874,46.0
1506,9,51.16198,6.87405,46.0
1507,9,51.16194,6.87406,46.0
1508,9,51.16144,6.87407,48.0
1509,9,51.16122,6.87416,48.0
1510,9,51.16108,6.87423,47.0
1511,9,51.16092,6.87423,47.0
1512,9,51.1604469,6.87417662,47.0
1513,9,51.1595184,6.87414443,50.0
1514,9,51.15934,6.87412834,50.0
1515,9,51.1591786,6.8739835,50.0
1516,9,51.1586571,6.87316274,51.0
1517,9,51.1584418,6.87292134,50.0
1518,9,51.1584317,6.87284624,50.0
1519,9,51.1584687,6.87272822,50.0
1520,9,51.158472,6.87236881,50.0
1521,10,51.24169996,6.830134749,45.0
1522,10,51.24169,6.83014,45.0
1523,10,51.24165,6.83011,45.0
1524,10,51.2418,6.82956,42.0
1525,10,51.24188,6.82923,41.0
1526,10,51.24193,6.82886,40.0
1527,10,51.24195,6.82858,41.0
1528,10,51.24195,6.82814,42.0
1529,10,51.24198,6.82813,42.0
1530,10,51.24208,6.82809,43.0
1531,10,51.24219,6.82795,44.0
1532,10,51.24227,6.82778,45.0
1533,10,51.24235,6.82748,46.0
1534,10,51.24242,6.82736,46.0
1535,10,51.24239,6.82721,45.0
1536,10,51.24238,6.8272,45.0
1537,10,51.24245,6.82716,45.0
1538,10,51.24252,6.82721,46.0
1539,10,51.24251,6.82721,45.0
1540,10,51.24256,6.82724,46.0
1541,10,51.24557,6.82553,46.0
1542,10,51.2458,6.82546,46.0
1543,10,51.24613,6.82529,45.0
1544,10,51.24612,6.8251,44.0
1545,10,51.24611,6.8251,44.0
1546,10,51.24641,6.82501,43.0
1547,10,51.24809,6.82408,41.0
1548,10,51.2489,6.82379,39.0
1549,10,51.24917,6.82373,39.0
1550,10,51.24983,6.82364,41.0
1551,10,51.25094,6.82364,48.0
1552,10,51.25109,6.82361,48.0
1553,10,51.25118,6.82353,49.0
1554,10,51.25122,6.82349,49.0
1555,10,51.25121,6.82366,48.0
1556,10,51.25127,6.82396,47.0
1557,10,51.25125,6.82402,47.0
1558,10,51.25119,6.82413,47.0
1559,10,51.25119,6.82421,48.0
1560,10,51.2509,6.82441,49.0
1561,10,51.24987,6.82504,51.0
1562,10,51.24987,6.82505,51.0
1563,10,51.24943,6.82531,52.0
1564,10,51.24835,6.82575,45.0
1565,10,51.24801,6.82587,48.0
1566,10,51.24772,6.82603,49.0
1567,10,51.24746,6.82622,49.0
1568,10,51.24706,6.82667,53.0
1569,10,51.24625,6.82754,53.0
1570,10,51.24552,6.8284,51.0
1571,10,51.24494,6.82908,55.0
1572,10,51.24432,6.82977,59.0
1573,10,51.24372,6.83042,56.0
1574,10,51.24364,6.83049,55.0
1575,10,51.24335,6.83066,56.0
1576,10,51.24312,6.83075,55.0
1577,10,51.24299,6.83074,54.0
1578,10,51.24298,6.83074,54.0
1579,10,51.24282,6.83071,53.0
1580,10,51.24232,6.8305,50.0
1581,10,51.242,6.83033,47.0
1582,10,51.24172,6.83015,45.0
1583,11,51.1982215,6.7363674,39.0
1584,11,51.19821,6.73636,39.0
1585,11,51.19821,6.73635,39.0
1586,11,51.19803,6.73637,37.0
1587,11,51.19694,6.73643,29.0
1588,11,51.19686,6.73644,30.0
1589,11,51.19679,6.73644,30.0
1590,11,51.19659,6.73646,31.0
1591,11,51.19367,6.73672,33.0
1592,11,51.19302,6.73678,35.0
1593,11,51.19182,6.73688,33.0
1594,11,51.19172,6.73689,33.0
1595,11,51.19099,6.7371,33.0
1596,11,51.19018,6.7375,39.0
1597,11,51.18985,6.73771,39.0
1598,11,51.18949,6.73793,36.0
1599,11,51.18881,6.73849,38.0
1600,11,51.18834,6.73891,38.0
1601,11,51.18785,6.73943,36.0
1602,11,51.18704,6.74053,36.0
1603,11,51.18676,6.74102,35.0
1604,11,51.18639,6.74168,35.0
1605,11,51.18628,6.74189,36.0
1606,11,51.18625,6.74197,36.0
1607,11,51.18621,6.74205,36.0
1608,11,51.18576,6.74321,36.0
1609,11,51.18557,6.74374,36.0
1610,11,51.18507,6.74544,38.0
1611,11,51.18458,6.74718,36.0
1612,11,51.18442,6.74776,35.0
1613,11,51.1843,6.74824,37.0
1614,11,51.18417,6.74886,38.0
1615,11,51.18413,6.74909,36.0
1616,11,51.18406,6.74951,33.0
1617,11,51.184,6.75014,33.0
1618,11,51.18393,6.75107,38.0
1619,11,51.18391,6.75178,38.0
1620,11,51.18391,6.75248,38.0
1621,11,51.18404,6.75401,37.0
1622,11,51.18404,6.754,37.0
1623,11,51.18405,6.75414,37.0
1624,11,51.18413,6.75503,37.0
1625,11,51.1842,6.75598,39.0
1626,11,51.18426,6.75675,38.0
1627,11,51.18438,6.75838,39.0
1628,11,51.18439,6.75858,39.0
1629,11,51.18441,6.75894,38.0
1630,11,51.18442,6.75913,37.0
1631,11,51.18445,6.75984,34.0
1632,11,51.18453,6.76124,36.0
1633,11,51.18453,6.76123,36.0
1634,11,51.18459,6.76245,35.0
1635,11,51.18463,6.76377,39.0
1636,11,51.18464,6.76411,39.0
1637,11,51.18466,6.76449,39.0
1638,11,51.18479,6.76518,37.0
1639,11,51.18489,6.76566,35.0
1640,11,51.18499,6.76614,35.0
1641,11,51.1851,6.76663,37.0
1642,11,51.18523,6.76712,37.0
1643,11,51.18533,6.76744,38.0
1644,11,51.18568,6.76835,39.0
1645,11,51.18582,6.76878,39.0
1646,11,51.18582,6.76877,39.0
1647,11,51.18588,6.76897,40.0
1648,11,51.18601,6.76949,40.0
1649,11,51.18621,6.7703,39.0
1650,11,51.18634,6.77094,40.0
1651,11,51.18657,6.77209,42.0
1652,11,51.18674,6.77301,40.0
1653,11,51.18676,6.77309,40.0
1654,11,51.1869,6.77385,36.0
1655,11,51.18702,6.77458,30.0
1656,11,51.18705,6.77466,31.0
1657,11,51.18719,6.77489,31.0
1658,11,51.18726,6.77501,30.0
1659,11,51.18727,6.77502,30.0
1660,11,51.18727,6.77501,30.0
1661,11,51.18726,6.77501,30.0
1662,11,51.1873,6.775,31.0
1663,11,51.18735,6.77498,32.0
1664,11,51.18742,6.77497,33.0
1665,11,51.18748,6.77499,34.0
1666,11,51.18776,6.77504,39.0
1667,11,51.18788,6.77509,41.0
1668,11,51.18796,6.7752,42.0
1669,11,51.18796,6.77521,43.0
1670,11,51.18795,6.77525,43.0
1671,11,51.18762,6.77521,36.0
1672,11,51.18755,6.77526,34.0
1673,11,51.18754,6.7753,33.0
1674,11,51.18745,6.77528,32.0
1675,11,51.18744,6.77528,32.0
1676,11,51.18622,6.775,29.0
1677,11,51.18621,6.775,29.0
1678,11,51.18543,6.77482,29.0
1679,11,51.18488,6.77469,29.0
1680,11,51.18487,6.77469,29.0
1681,11,51.18267,6.77417,39.0
1682,11,51.18266,6.77417,39.0
1683,11,51.18117,6.77382,38.0
1684,11,51.18116,6.77382,38.0
1685,11,51.18078,6.77373,37.0
1686,11,51.18006,6.77361,38.0
1687,11,51.18005,6.77361,38.0
1688,11,51.17919,6.77354,38.0
1689,11,51.17819,6.77359,35.0
1690,11,51.1775,6.7737,39.0
1691,11,51.17691,6.77384,41.0
1692,11,51.17599,6.77407,42.0
1693,11,51.17686,6.7736,39.0
1694,11,51.17758,6.77342,37.0
1695,11,51.17771,6.7734,36.0
1696,11,51.17788,6.77337,35.0
1697,11,51.17836,6.77344,35.0
1698,11,51.17863,6.77342,36.0
1699,11,51.17894,6.77341,37.0
1700,11,51.17908,6.77338,38.0
1701,11,51.17958,6.77324,37.0
1702,11,51.17971,6.77325,38.0
1703,11,51.17995,6.77335,38.0
1704,11,51.18084,6.77349,36.0
1705,11,51.18154,6.77364,37.0
1706,11,51.18159,6.77363,37.0
1707,11,51.18165,6.77361,36.0
1708,11,51.18214,6.77338,38.0
1709,11,51.18224,6.77327,38.0
1710,11,51.18229,6.7731,37.0
1711,11,51.18237,6.77267,36.0
1712,11,51.18242,6.77221,36.0
1713,11,51.18242,6.77202,37.0
1714,11,51.18243,6.77196,37.0
1715,11,51.1824,6.77178,37.0
1716,11,51.18219,6.7709,39.0
1717,11,51.18218,6.7709,39.0
1718,11,51.18199,6.7701,40.0
1719,11,51.18173,6.76921,41.0
1720,11,51.18141,6.7683,39.0
1721,11,51.18083,6.7664,34.0
1722,11,51.18068,6.76584,34.0
1723,11,51.18067,6.76584,34.0
1724,11,51.18036,6.76472,33.0
1725,11,51.18025,6.7643,32.0
1726,11,51.18018,6.76391,33.0
1727,11,51.18004,6.76348,34.0
1728,11,51.18001,6.76321,34.0
1729,11,51.17968,6.76155,34.0
1730,11,51.17957,6.76106,34.0
1731,11,51.17956,6.76106,34.0
1732,11,51.17939,6.76032,36.0
1733,11,51.17923,6.75954,36.0
1734,11,51.17909,6.75903,35.0
1735,11,51.17882,6.75786,38.0
1736,11,51.17879,6.75771,39.0
1737,11,51.17874,6.75722,38.0
1738,11,51.17869,6.75704,38.0
1739,11,51.17861,6.7569,37.0
1740,11,51.17838,6.75674,37.0
1741,11,51.17825,6.75664,37.0
1742,11,51.17824,6.75664,37.0
1743,11,51.17823,6.75663,37.0
1744,11,51.17836,6.7553,39.0
1745,11,51.17836,6.75521,40.0
1746,11,51.17833,6.75504,40.0
1747,11,51.1784,6.75492,40.0
1748,11,51.1785,6.75389,40.0
1749,11,51.17855,6.75274,37.0
1750,11,51.17855,6.75264,37.0
1751,11,51.17852,6.75263,37.0
1752,11,51.17852,6.75262,37.0
1753,11,51.17849,6.75261,38.0
1754,11,51.17848,6.7526,38.0
1755,11,51.17847,6.75249,39.0
1756,11,51.17851,6.75233,38.0
1757,11,51.17851,6.75219,39.0
1758,11,51.17848,6.75202,42.0
1759,11,51.17856,6.75143,45.0
1760,11,51.17861,6.75113,44.0
1761,11,51.17863,6.75089,42.0
1762,11,51.17873,6.74982,41.0
1763,11,51.17892,6.74852,35.0
1764,11,51.1792,6.74651,39.0
1765,11,51.17927,6.74602,38.0
1766,11,51.17937,6.74544,37.0
1767,11,51.1794,6.74545,37.0
1768,11,51.17939,6.74545,37.0
1769,11,51.17937,6.74544,37.0
1770,11,51.17946,6.7444,40.0
1771,11,51.17946,6.74439,40.0
1772,11,51.17936,6.74438,40.0
1773,11,51.17928,6.74432,41.0
1774,11,51.1792,6.74426,42.0
1775,11,51.17911,6.74419,42.0
1776,11,51.17911,6.74418,42.0
1777,11,51.17924,6.74382,42.0
1778,11,51.17931,6.74359,43.0
1779,11,51.17933,6.74337,43.0
1780,11,51.17929,6.74309,41.0
1781,11,51.17933,6.74307,41.0
1782,11,51.17937,6.74304,41.0
1783,11,51.17983,6.74274,37.0
1784,11,51.17993,6.74267,35.0
1785,11,51.17996,6.74263,35.0
1786,11,51.17997,6.74259,35.0
1787,11,51.18055,6.73984,38.0
1788,11,51.18059,6.7397,38.0
1789,11,51.18067,6.73941,37.0
1790,11,51.18081,6.73904,38.0
1791,11,51.18086,6.73892,38.0
1792,11,51.18112,6.7382,38.0
1793,11,51.18113,6.73815,39.0
1794,11,51.18113,6.73802,40.0
1795,11,51.18112,6.73799,40.0
1796,11,51.18112,6.73798,40.0
1797,11,51.18111,6.73794,40.0
1798,11,51.18153,6.73707,40.0
1799,11,51.18153,6.73697,40.0
1800,11,51.18153,6.73687,41.0
1801,11,51.18158,6.73693,41.0
1802,11,51.18159,6.73694,41.0
1803,11,51.18166,6.7369,41.0
1804,11,51.18194,6.73634,36.0
1805,11,51.18227,6.73566,34.0
1806,11,51.18231,6.73545,35.0
1807,11,51.18229,6.73545,36.0
1808,11,51.1823,6.73542,35.0
1809,11,51.18226,6.7354,37.0
1810,11,51.18231,6.73507,38.0
1811,11,51.18233,6.73494,38.0
1812,11,51.18258,6.73319,40.0
1813,11,51.18268,6.73248,37.0
1814,11,51.18272,6.73231,37.0
1815,11,51.1828,6.73201,37.0
1816,11,51.18281,6.7319,38.0
1817,11,51.1828,6.73182,38.0
1818,11,51.18276,6.73172,37.0
1819,11,51.18272,6.73165,37.0
1820,11,51.18265,6.73159,37.0
1821,11,51.18253,6.7315,37.0
1822,11,51.18241,6.7314,37.0
1823,11,51.18232,6.73124,37.0
1824,11,51.1823,6.73114,37.0
1825,11,51.18227,6.73091,37.0
1826,11,51.18224,6.7305,38.0
1827,11,51.18223,6.73038,38.0
1828,11,51.18223,6.73037,38.0
1829,11,51.18223,6.73036,38.0
1830,11,51.18225,6.73035,38.0
1831,11,51.18243,6.73015,40.0
1832,11,51.18247,6.73012,40.0
1833,11,51.18246,6.73009,40.0
1834,11,51.18246,6.73008,40.0
1835,11,51.18247,6.73012,40.0
1836,11,51.18258,6.73002,40.0
1837,11,51.18296,6.72963,41.0
1838,11,51.18303,6.72957,41.0
1839,11,51.18307,6.72954,40.0
1840,11,51.18324,6.72948,40.0
1841,11,51.18339,6.72948,40.0
1842,11,51.18349,6.72944,41.0
1843,11,51.18355,6.72939,41.0
1844,11,51.18367,6.72925,42.0
1845,11,51.18379,6.72908,41.0
1846,11,51.18384,6.72899,41.0
1847,11,51.18393,6.72872,41.0
1848,11,51.18403,6.72847,41.0
1849,11,51.1841,6.72829,41.0
1850,11,51.1841,6.72828,41.0
1851,11,51.18426,6.72782,39.0
1852,11,51.18435,6.7276,39.0
1853,11,51.18448,6.72726,39.0
1854,11,51.18481,6.72636,42.0
1855,11,51.18491,6.72611,42.0
1856,11,51.18495,6.72605,42.0
1857,11,51.185,6.72601,42.0
1858,11,51.18506,6.72599,42.0
1859,11,51.1851,6.72599,41.0
1860,11,51.18516,6.726,41.0
1861,11,51.18516,6.72599,41.0
1862,11,51.18516,6.726,41.0
1863,11,51.1853,6.72609,40.0
1864,11,51.18541,6.72616,39.0
1865,11,51.18565,6.72633,38.0
1866,11,51.18573,6.7264,38.0
1867,11,51.18577,6.72646,38.0
1868,11,51.18578,6.72651,37.0
1869,11,51.18578,6.72656,37.0
1870,11,51.18581,6.72659,37.0
1871,11,51.18583,6.72661,37.0
1872,11,51.18597,6.72675,36.0
1873,11,51.1861,6.72688,36.0
1874,11,51.18609,6.72688,36.0
1875,11,51.18615,6.72694,36.0
1876,11,51.18654,6.72733,35.0
1877,11,51.18703,6.72782,36.0
1878,11,51.18707,6.72785,36.0
1879,11,51.18721,6.72798,36.0
1880,11,51.18731,6.7281,36.0
1881,11,51.18737,6.7282,35.0
1882,11,51.18735,6.72822,35.0
1883,11,51.18735,6.72823,35.0
1884,11,51.18737,6.7282,35.0
1885,11,51.18797,6.72773,34.0
1886,11,51.1886,6.72731,36.0
1887,11,51.18944,6.72693,39.0
1888,11,51.18979,6.72678,38.0
1889,11,51.19009,6.72671,38.0
1890,11,51.19058,6.72658,35.0
1891,11,51.19124,6.72646,32.0
1892,11,51.19189,6.72639,32.0
1893,11,51.19298,6.72631,41.0
1894,11,51.19436,6.72623,39.0
1895,11,51.19539,6.7262,38.0
1896,11,51.19626,6.72617,38.0
1897,11,51.19662,6.72616,37.0
1898,11,51.19771,6.72608,38.0
1899,11,51.19857,6.72592,42.0
1900,11,51.19875,6.72589,42.0
1901,11,51.19876,6.72587,42.0
1902,11,51.19877,6.72583,43.0
1903,11,51.19874,6.72567,43.0
1904,11,51.19874,6.72566,43.0
1905,11,51.19873,6.72562,43.0
1906,11,51.1988,6.72557,43.0
1907,11,51.19881,6.72546,43.0
1908,11,51.19882,6.72535,43.0
1909,11,51.19885,6.725,44.0
1910,11,51.19886,6.72494,44.0
1911,11,51.19887,6.72491,44.0
1912,11,51.19889,6.72493,44.0
1913,11,51.19892,6.72512,44.0
1914,11,51.19894,6.72526,44.0
1915,11,51.19895,6.72523,44.0
1916,11,51.19894,6.72526,44.0
1917,11,51.19894,6.72534,44.0
1918,11,51.19891,6.72588,42.0
1919,11,51.19884,6.72701,36.0
1920,11,51.19875,6.72841,28.0
1921,11,51.19861,6.73088,28.0
1922,11,51.19847,6.73319,28.0
1923,11,51.19841,6.73435,28.0
1924,11,51.19829,6.73658,41.0
1925,11,51.19828,6.73661,41.0
1926,11,51.19819,6.73696,41.0
1927,11,51.19821,6.73639,39.0
1928,12,51.1962777,6.80136537,41.0
1929,12,51.19627,6.80136,41.0
1930,12,51.19628,6.80141,41.0
1931,12,51.19637,6.80156,41.0
1932,12,51.19644,6.80158,40.0
1933,12,51.19677,6.80198,38.0
1934,12,51.19677,6.80197,38.0
1935,12,51.19714,6.80242,37.0
1936,12,51.19727,6.80253,37.0
1937,12,51.19739,6.80256,37.0
1938,12,51.19745,6.80255,37.0
1939,12,51.19752,6.80254,38.0
1940,12,51.19768,6.80243,38.0
1941,12,51.19828,6.80182,40.0
1942,12,51.19874,6.80139,39.0
1943,12,51.19878,6.80131,40.0
1944,12,51.19881,6.80126,40.0
1945,12,51.19884,6.80108,40.0
1946,12,51.19884,6.80088,40.0
1947,12,51.19878,6.80059,40.0
1948,12,51.19878,6.80032,40.0
1949,12,51.19901,6.7992,41.0
1950,12,51.19903,6.79916,42.0
1951,12,51.19907,6.79912,42.0
1952,12,51.19956,6.79945,43.0
1953,12,51.19956,6.79944,43.0
1954,12,51.2005,6.80016,39.0
1955,12,51.2005,6.80015,39.0
1956,12,51.20069,6.80039,39.0
1957,12,51.2015,6.80102,42.0
1958,12,51.20168,6.80109,41.0
1959,12,51.20168,6.80108,41.0
1960,12,51.20219,6.80152,39.0
1961,12,51.20224,6.80154,39.0
1962,12,51.20277,6.80201,40.0
1963,12,51.20293,6.80219,39.0
1964,12,51.20298,6.80228,39.0
1965,12,51.20298,6.80227,39.0
1966,12,51.203,6.80232,39.0
1967,12,51.20303,6.80244,39.0
1968,12,51.20304,6.80269,38.0
1969,12,51.20304,6.80313,37.0
1970,12,51.20306,6.80321,37.0
1971,12,51.20306,6.8032,37.0
1972,12,51.20331,6.80325,37.0
1973,12,51.20367,6.80326,38.0
1974,12,51.20366,6.80326,38.0
1975,12,51.20392,6.80348,39.0
1976,12,51.20441,6.8035,39.0
1977,12,51.2044,6.8035,39.0
1978,12,51.20451,6.80351,40.0
1979,12,51.20471,6.80358,41.0
1980,12,51.20505,6.8038,41.0
1981,12,51.20504,6.8038,41.0
1982,12,51.20508,6.80382,41.0
1983,12,51.20511,6.80377,41.0
1984,12,51.20514,6.80377,41.0
1985,12,51.20518,6.80382,41.0
1986,12,51.20518,6.80391,41.0
1987,12,51.20523,6.80394,40.0
1988,12,51.20522,6.80394,40.0
1989,12,51.20602,6.80451,39.0
1990,12,51.20618,6.80456,39.0
1991,12,51.20619,6.80459,39.0
1992,12,51.20619,6.80458,39.0
1993,12,51.20627,6.80484,38.0
1994,12,51.20635,6.80513,38.0
1995,12,51.20631,6.80517,38.0
1996,12,51.20616,6.80571,38.0
1997,12,51.2061,6.80586,37.0
1998,12,51.20609,6.80585,37.0
1999,12,51.20603,6.80606,37.0
2000,12,51.20595,6.80617,37.0
2001,12,51.20584,6.80621,37.0
2002,12,51.2055919,6.80622553,37.0
2003,12,51.2054003,6.80625772,38.0
2004,12,51.2053633,6.80629527,38.0
2005,12,51.2053297,6.80634891,38.0
2006,12,51.2053095,6.80642938,38.0
2007,12,51.2052961,6.80653667,38.0
2008,12,51.2052827,6.80665469,38.0
2009,12,51.2052625,6.8067888,39.0
2010,12,51.2052558,6.80685317,39.0
2011,12,51.2052322,6.80695509,39.0
2012,12,51.2051852,6.80706238,39.0
2013,12,51.2051079,6.80712676,39.0
2014,12,51.2051,6.80712,39.0
2015,12,51.20499,6.80726,39.0
2016,12,51.20491,6.80729,39.0
2017,12,51.20484,6.80727,39.0
2018,12,51.20478,6.80715,38.0
2019,12,51.20477,6.80715,38.0
2020,12,51.20474,6.80711,38.0
2021,12,51.20461,6.80707,38.0
2022,12,51.20455,6.80712,38.0
2023,12,51.20442,6.80723,39.0
2024,12,51.20436,6.80719,39.0
2025,12,51.20429,6.8072,39.0
2026,12,51.20425,6.80721,39.0
2027,12,51.20391,6.80703,39.0
2028,12,51.20391,6.80702,39.0
2029,12,51.20353,6.80698,37.0
2030,12,51.20352,6.80698,37.0
2031,12,51.20315,6.80695,37.0
2032,12,51.20314,6.80695,37.0
2033,12,51.20293,6.80694,36.0
2034,12,51.20292,6.80694,36.0
2035,12,51.20273,6.80694,34.0
2036,12,51.20259,6.80703,33.0
2037,12,51.20235,6.8071,33.0
2038,12,51.20227,6.80707,34.0
2039,12,51.20197,6.80688,35.0
2040,12,51.20178,6.80682,36.0
2041,12,51.20167,6.80681,36.0
2042,12,51.20167,6.80682,36.0
2043,12,51.20132,6.80682,36.0
2044,12,51.20108,6.80667,37.0
2045,12,51.20096,6.80663,37.0
2046,12,51.20088,6.80664,37.0
2047,12,51.20073,6.80671,37.0
2048,12,51.20052,6.80697,37.0
2049,12,51.20035,6.80708,38.0
2050,12,51.20016,6.80715,40.0
2051,12,51.20007,6.80714,40.0
2052,12,51.20006,6.80714,41.0
2053,12,51.19979,6.80659,39.0
2054,12,51.19964,6.80641,40.0
2055,12,51.19935,6.80623,40.0
2056,12,51.19934,6.80625,40.0
2057,12,51.19919,6.80652,40.0
2058,12,51.19917,6.80667,39.0
2059,12,51.19916,6.80763,36.0
2060,12,51.1989837,6.80758273,36.0
2061,12,51.198772,6.807572,37.0
2062,12,51.1986947,6.80769538,37.0
2063,12,51.19869,6.80769,37.0
2064,12,51.19867,6.80855,38.0
2065,12,51.1986,6.80866,38.0
2066,12,51.19849,6.80871,38.0
2067,12,51.19825,6.80903,37.0
2068,12,51.1982,6.80908,37.0
2069,12,51.19796,6.80933,38.0
2070,12,51.19782,6.80962,38.0
2071,12,51.19772,6.80988,37.0
2072,12,51.19767,6.81016,37.0
2073,12,51.19767,6.81017,37.0
2074,12,51.19755,6.81024,37.0
2075,12,51.19756,6.81026,37.0
2076,12,51.19756,6.81025,37.0
2077,12,51.19755,6.81024,37.0
2078,12,51.19747,6.81029,38.0
2079,12,51.19747,6.81028,38.0
2080,12,51.19737,6.8099,36.0
2081,12,51.19737,6.80989,36.0
2082,12,51.19736,6.80987,36.0
2083,12,51.19684,6.80988,38.0
2084,12,51.19684,6.80987,38.0
2085,12,51.19683,6.80978,37.0
2086,12,51.19682,6.80978,37.0
2087,12,51.1964,6.80979,39.0
2088,12,51.1964,6.80978,39.0
2089,12,51.1964,6.80968,38.0
2090,12,51.19581,6.80969,39.0
2091,12,51.19576,6.80969,39.0
2092,12,51.19576,6.80966,39.0
2093,12,51.19574,6.80966,39.0
2094,12,51.19564,6.80965,39.0
2095,12,51.19564,6.80964,39.0
2096,12,51.19554,6.80952,38.0
2097,12,51.19549,6.80952,38.0
2098,12,51.19531,6.80953,39.0
2099,12,51.19522,6.80955,39.0
2100,12,51.19504,6.8097,41.0
2101,12,51.19488,6.80977,42.0
2102,12,51.19484,6.80977,42.0
2103,12,51.19484,6.80976,42.0
2104,12,51.19463,6.80969,42.0
2105,12,51.1942,6.80967,41.0
2106,12,51.19406,6.8097,41.0
2107,12,51.194,6.80967,41.0
2108,12,51.19404,6.80943,41.0
2109,12,51.19407,6.8091,43.0
2110,12,51.19399,6.80814,46.0
2111,12,51.19402,6.8077,45.0
2112,12,51.19409,6.80726,43.0
2113,12,51.19419,6.80699,42.0
2114,12,51.19436,6.80658,41.0
2115,12,51.19451,6.8058,39.0
2116,12,51.19458,6.80562,39.0
2117,12,51.19484,6.80515,41.0
2118,12,51.19482,6.80498,43.0
2119,12,51.19485,6.80483,43.0
2120,12,51.19493,6.80473,43.0
2121,12,51.19503,6.80472,43.0
2122,12,51.19502,6.80472,43.0
2123,12,51.19503,6.80472,43.0
2124,12,51.19504,6.80467,43.0
2125,12,51.19504,6.80448,43.0
2126,12,51.19506,6.80426,42.0
2127,12,51.19508,6.80413,41.0
2128,12,51.19517,6.80383,41.0
2129,12,51.19529,6.80354,41.0
2130,12,51.19549,6.80321,40.0
2131,12,51.19562,6.80288,39.0
2132,12,51.1957,6.80258,39.0
2133,12,51.19589,6.80166,41.0
2134,12,51.19601,6.80142,41.0
2135,12,51.19602,6.80141,41.0
2136,12,51.19602,6.80136,41.0
2137,12,51.19598,6.80122,41.0
2138,12,51.19598,6.80121,41.0
2139,12,51.19596,6.80116,41.0
2140,12,51.19602,6.80111,41.0
2141,12,51.19611,6.8011,41.0
2142,12,51.1961,6.8011,41.0
2143,12,51.19613,6.80111,41.0
2144,12,51.19626,6.80132,41.0
2145,13,51.1967441,6.77329015,39.0
2146,13,51.19675,6.77328,39.0
2147,13,51.19685,6.77384,39.0
2148,13,51.19697,6.77472,41.0
2149,13,51.19696,6.77473,40.0
2150,13,51.19587,6.77509,41.0
2151,13,51.19522,6.77531,41.0
2152,13,51.19435,6.77577,43.0
2153,13,51.19406,6.77607,42.0
2154,13,51.19353,6.77656,41.0
2155,13,51.19329,6.77682638,40.0
2156,13,51.19219,6.77744,43.0
2157,13,51.19148,6.77762,42.0
2158,13,51.19125,6.77761,41.0
2159,13,51.1909,6.77748,40.0
2160,13,51.19061,6.77728,40.0
2161,13,51.1906,6.77728,40.0
2162,13,51.19046,6.77713,41.0
2163,13,51.18969,6.77623,43.0
2164,13,51.18969,6.77622,43.0
2165,13,51.18926,6.77583,42.0
2166,13,51.18863,6.77535,45.0
2167,13,51.18832,6.7752,44.0
2168,13,51.1881,6.77517,43.0
2169,13,51.18809,6.77517,43.0
2170,13,51.18797,6.77502,41.0
2171,13,51.18785,6.77495,40.0
2172,13,51.18764,6.77491,37.0
2173,13,51.18749,6.77493,35.0
2174,13,51.18727,6.775,30.0
2175,13,51.18726,6.775,30.0
2176,13,51.18705,6.77466,31.0
2177,13,51.18702,6.77458,30.0
2178,13,51.18676,6.7731,40.0
2179,13,51.18676,6.77309,40.0
2180,13,51.18787,6.77225,42.0
2181,13,51.18803,6.77207,41.0
2182,13,51.18829,6.77179,41.0
2183,13,51.18878,6.77161,43.0
2184,13,51.18949,6.77175,42.0
2185,13,51.18953,6.77174,42.0
2186,13,51.18987,6.77137,40.0
2187,13,51.19002,6.77125,40.0
2188,13,51.19035,6.77108,39.0
2189,13,51.19035,6.77109,39.0
2190,13,51.19099,6.77078,40.0
2191,13,51.19188,6.77041,42.0
2192,13,51.19188,6.77042,42.0
2193,13,51.19347,6.76982,43.0
2194,13,51.19398,6.76964,42.0
2195,13,51.19421,6.76962,42.0
2196,13,51.19508,6.76919,40.0
2197,13,51.19523,6.76907,41.0
2198,13,51.19531,6.76899,41.0
2199,13,51.19534,6.76895,41.0
2200,13,51.19585,6.76867,41.0
2201,13,51.19579,6.76871,42.0
2202,13,51.19584,6.76893,41.0
2203,13,51.19597,6.76893,41.0
2204,13,51.19612,6.76975,41.0
2205,13,51.19612,6.76974,41.0
2206,13,51.19656,6.77222,41.0
2207,13,51.19656,6.77221,41.0
2208,13,51.19674,6.7732,40.0
2209,14,51.1998062,6.88545557,43.0
2210,14,51.19981,6.88545,43.0
2211,14,51.19981,6.88544,43.0
2212,14,51.19979,6.88537,43.0
2213,14,51.1997,6.88483,45.0
2214,14,51.19958,6.88422,45.0
2215,14,51.19938,6.88307,47.0
2216,14,51.19938,6.88306,47.0
2217,14,51.19916,6.8818,42.0
2218,14,51.19896,6.88073,42.0
2219,14,51.19895,6.88074,42.0
2220,14,51.19896,6.88073,42.0
2221,14,51.19893,6.88054,42.0
2222,14,51.19864,6.87886,41.0
2223,14,51.19861,6.87869,42.0
2224,14,51.19855,6.87835,44.0
2225,14,51.19855,6.87834,44.0
2226,14,51.19833,6.87714,52.0
2227,14,51.19832,6.87714,52.0
2228,14,51.19769,6.87729,50.0
2229,14,51.19748,6.87733,52.0
2230,14,51.19743,6.87734,52.0
2231,14,51.19686,6.87747,50.0
2232,14,51.19655,6.87756,44.0
2233,14,51.19651,6.87757,44.0
2234,14,51.19643,6.87724,48.0
2235,14,51.19643,6.87723,49.0
2236,14,51.19627,6.87651,49.0
2237,14,51.1961,6.8765,50.0
2238,14,51.1957,6.87673,49.0
2239,14,51.19558,6.87685,47.0
2240,14,51.19556,6.87685,47.0
2241,14,51.19554,6.87686,47.0
2242,14,51.19546,6.8769,47.0
2243,14,51.19522,6.87694,48.0
2244,14,51.19515,6.87692,47.0
2245,14,51.19515,6.87693,47.0
2246,14,51.19515,6.87691,47.0
2247,14,51.19515,6.87692,47.0
2248,14,51.19512,6.87716,45.0
2249,14,51.1951,6.87836,46.0
2250,14,51.19509,6.87867,46.0
2251,14,51.19506,6.87919,46.0
2252,14,51.19502,6.87946,47.0
2253,14,51.19504,6.87962,46.0
2254,14,51.19498,6.88006,48.0
2255,14,51.19494,6.88033,44.0
2256,14,51.19493,6.88088,41.0
2257,14,51.19496,6.88125,41.0
2258,14,51.19503,6.88171,41.0
2259,14,51.19505,6.88191,41.0
2260,14,51.19505,6.8819,41.0
2261,14,51.19505,6.88192,41.0
2262,14,51.19504,6.88214,42.0
2263,14,51.19504,6.8822,42.0
2264,14,51.19502,6.88229,43.0
2265,14,51.195,6.88239,43.0
2266,14,51.19495,6.88257,44.0
2267,14,51.19486,6.88285,44.0
2268,14,51.19485,6.88288,44.0
2269,14,51.19477,6.88308,44.0
2270,14,51.19467,6.88328,42.0
2271,14,51.19455,6.88349,41.0
2272,14,51.19449,6.8836,41.0
2273,14,51.19444,6.88366,41.0
2274,14,51.19424,6.88385,42.0
2275,14,51.19413,6.88397,43.0
2276,14,51.19402,6.88406,44.0
2277,14,51.19401,6.88407,44.0
2278,14,51.19393,6.88411,44.0
2279,14,51.19388,6.88411,45.0
2280,14,51.1935569,6.88414129,46.0
2281,14,51.1934258,6.88413593,46.0
2282,14,51.19342,6.88412,46.0
2283,14,51.19337,6.88412,46.0
2284,14,51.19307,6.88419,45.0
2285,14,51.19311,6.88418,45.0
2286,14,51.19296,6.88422,45.0
2287,14,51.19282,6.88428,45.0
2288,14,51.19273,6.88472,46.0
2289,14,51.19272,6.88475,46.0
2290,14,51.1926,6.88521,45.0
2291,14,51.19244,6.88615,43.0
2292,14,51.19241,6.88629,43.0
2293,14,51.19224,6.88689,43.0
2294,14,51.19223,6.88712,44.0
2295,14,51.19221,6.8873,45.0
2296,14,51.19206,6.88784,47.0
2297,14,51.1918,6.88882,45.0
2298,14,51.19176,6.88907,45.0
2299,14,51.19176,6.88908,45.0
2300,14,51.1919,6.89247,48.0
2301,14,51.1919,6.89246,48.0
2302,14,51.19193,6.89311,49.0
2303,14,51.19189,6.89341,49.0
2304,14,51.19209,6.89443,47.0
2305,14,51.19214,6.89476,46.0
2306,14,51.19214,6.89475,46.0
2307,14,51.19233,6.89608,43.0
2308,14,51.19247,6.89697,44.0
2309,14,51.19259,6.89755,44.0
2310,14,51.19261,6.8976,44.0
2311,14,51.19261,6.89759,44.0
2312,14,51.19267,6.89775,45.0
2313,14,51.19275,6.89815,47.0
2314,14,51.19282,6.89878,48.0
2315,14,51.19282,6.89907,48.0
2316,14,51.19282,6.89906,48.0
2317,14,51.19282,6.89932,48.0
2318,14,51.1927,6.90116,44.0
2319,14,51.19266,6.90137,45.0
2320,14,51.19266,6.9016,44.0
2321,14,51.19267,6.90177,44.0
2322,14,51.19267,6.90176,44.0
2323,14,51.19268,6.90212,43.0
2324,14,51.19265,6.90345,46.0
2325,14,51.19259,6.90401,48.0
2326,14,51.19255,6.90453,49.0
2327,14,51.19248,6.90485,50.0
2328,14,51.19246,6.90493,50.0
2329,14,51.19232,6.90532,50.0
2330,14,51.19219,6.90581,49.0
2331,14,51.19219,6.90583,49.0
2332,14,51.19219,6.90582,49.0
2333,14,51.19221,6.90618,49.0
2334,14,51.19242,6.90706,49.0
2335,14,51.19244,6.9071,50.0
2336,14,51.19244,6.90709,49.0
2337,14,51.19256,6.9074,48.0
2338,14,51.19273,6.90759,42.0
2339,14,51.19276,6.90766,41.0
2340,14,51.19276,6.90765,41.0
2341,14,51.19293,6.90809,43.0
2342,14,51.19311,6.90868,45.0
2343,14,51.19326,6.90937,51.0
2344,14,51.19333,6.90958,53.0
2345,14,51.19332,6.90958,53.0
2346,14,51.19333,6.90958,53.0
2347,14,51.19374,6.90961,48.0
2348,14,51.19392,6.90964,44.0
2349,14,51.19391,6.90964,44.0
2350,14,51.19398,6.90965,44.0
2351,14,51.19423,6.90967,45.0
2352,14,51.19431,6.90964,44.0
2353,14,51.1945,6.90956,43.0
2354,14,51.19469,6.90933,41.0
2355,14,51.19488,6.90898,42.0
2356,14,51.19507,6.90851,43.0
2357,14,51.19522,6.90799,47.0
2358,14,51.19552,6.90697,48.0
2359,14,51.19573,6.90615,49.0
2360,14,51.19593,6.90557,50.0
2361,14,51.196,6.90541,50.0
2362,14,51.19601,6.90539,50.0
2363,14,51.19575,6.90488,47.0
2364,14,51.19573,6.90486,47.0
2365,14,51.19552,6.90451,46.0
2366,14,51.19548,6.90442,45.0
2367,14,51.19548,6.90441,45.0
2368,14,51.19543,6.9043,45.0
2369,14,51.19542,6.90414,44.0
2370,14,51.19554,6.90366,44.0
2371,14,51.19558,6.90341,45.0
2372,14,51.19558,6.90338,45.0
2373,14,51.19558,6.90336,45.0
2374,14,51.19551,6.90318,45.0
2375,14,51.19521,6.90263,43.0
2376,14,51.19519,6.90255,43.0
2377,14,51.19519,6.90252,43.0
2378,14,51.19519,6.90246,43.0
2379,14,51.19541,6.90124,46.0
2380,14,51.19551,6.90056,50.0
2381,14,51.19553,6.90006,51.0
2382,14,51.19557,6.89953,47.0
2383,14,51.19562,6.89926,45.0
2384,14,51.19582,6.89846,45.0
2385,14,51.19587,6.89803,45.0
2386,14,51.19588,6.8977,45.0
2387,14,51.19587,6.89742,46.0
2388,14,51.19589,6.8972,46.0
2389,14,51.1959,6.8972,46.0
2390,14,51.19591,6.89706,47.0
2391,14,51.19606,6.89643,50.0
2392,14,51.19612,6.89595,49.0
2393,14,51.19625,6.89507,46.0
2394,14,51.19643,6.89444,44.0
2395,14,51.19663,6.89383,42.0
2396,14,51.19679,6.89298,42.0
2397,14,51.1968,6.89295,42.0
2398,14,51.19684,6.89289,43.0
2399,14,51.19688,6.89287,43.0
2400,14,51.1969,6.89287,43.0
2401,14,51.197,6.89299,44.0
2402,14,51.1971,6.8931,44.0
2403,14,51.19711,6.89312,44.0
2404,14,51.19711,6.89311,44.0
2405,14,51.19733,6.89335,44.0
2406,14,51.19746,6.8933,45.0
2407,14,51.19755,6.89323,46.0
2408,14,51.19757,6.8932,46.0
2409,14,51.19759,6.89317,46.0
2410,14,51.19761,6.8932,46.0
2411,14,51.19761,6.89319,46.0
2412,14,51.19759,6.89317,46.0
2413,14,51.19763,6.8931,46.0
2414,14,51.19769,6.89301,47.0
2415,14,51.19773,6.89299,47.0
2416,14,51.19776,6.89297,48.0
2417,14,51.19788,6.89216,51.0
2418,14,51.19789,6.89214,51.0
2419,14,51.19791,6.892,50.0
2420,14,51.19795,6.89176,49.0
2421,14,51.19801,6.89145,48.0
2422,14,51.19822,6.8902,45.0
2423,14,51.19823,6.89021,45.0
2424,14,51.19822,6.89021,45.0
2425,14,51.19848,6.89027,45.0
2426,14,51.19865,6.89027,46.0
2427,14,51.19898,6.89004,47.0
2428,14,51.19904,6.89,48.0
2429,14,51.19904,6.88999,48.0
2430,14,51.19908,6.88976,47.0
2431,14,51.19911,6.88966,47.0
2432,14,51.19936,6.88909,48.0
2433,14,51.19943,6.88888,48.0
2434,14,51.19957,6.88828,46.0
2435,14,51.19969,6.88754,46.0
2436,14,51.19978,6.88703,46.0
2437,14,51.19977,6.88686,45.0
2438,14,51.19973,6.88669,44.0
2439,14,51.19956,6.88645,43.0
2440,14,51.19944,6.88629,43.0
2441,14,51.19944,6.88628,43.0
2442,14,51.19942,6.88626,43.0
2443,14,51.19945,6.8862,42.0
2444,14,51.19953,6.88603,42.0
2445,14,51.19979,6.88554,43.0
2446,14,51.1998,6.88549,43.0
2447,15,51.2406912,6.80273088,44.0
2448,15,51.24069,6.80273,44.0
2449,15,51.24046,6.80277,45.0
2450,15,51.24044,6.80286,45.0
2451,15,51.2404,6.80287,46.0
2452,15,51.23991,6.80296,46.0
2453,15,51.23969,6.80293,46.0
2454,15,51.23968,6.80293,46.0
2455,15,51.2395,6.80292,46.0
2456,15,51.23938,6.80296,46.0
2457,15,51.23924,6.80305,46.0
2458,15,51.23912,6.80322,46.0
2459,15,51.23908,6.8033,47.0
2460,15,51.23908,6.80329,47.0
2461,15,51.23908,6.80351,47.0
2462,15,51.23908,6.8035,47.0
2463,15,51.23914,6.80372,47.0
2464,15,51.23924,6.80389,47.0
2465,15,51.23939,6.80403,47.0
2466,15,51.23939,6.80402,47.0
2467,15,51.2394,6.80404,47.0
2468,15,51.23962,6.80396,46.0
2469,15,51.23995,6.80367,45.0
2470,15,51.23995,6.80368,45.0
2471,15,51.23998,6.80366,45.0
2472,15,51.24007,6.8038,44.0
2473,15,51.24019,6.80413,44.0
2474,15,51.24019,6.80412,44.0
2475,15,51.24036,6.8046,45.0
2476,15,51.2404,6.80465,45.0
2477,15,51.24039,6.80465,45.0
2478,15,51.24054,6.8048,45.0
2479,15,51.24062,6.80495,45.0
2480,15,51.24061,6.80495,45.0
2481,15,51.24064,6.80499,45.0
2482,15,51.24076,6.8051,44.0
2483,15,51.24098,6.80521,42.0
2484,15,51.24097,6.80521,42.0
2485,15,51.24099,6.80522,42.0
2486,15,51.24108,6.80539,42.0
2487,15,51.24108,6.80538,42.0
2488,15,51.24112,6.8055,42.0
2489,15,51.24121,6.80592,42.0
2490,15,51.24132,6.8062,41.0
2491,15,51.24138,6.80629,41.0
2492,15,51.24138,6.80628,41.0
2493,15,51.2414,6.80637,41.0
2494,15,51.24166,6.80686,42.0
2495,15,51.24189,6.80737,45.0
2496,15,51.24188,6.80737,45.0
2497,15,51.24189,6.80738,45.0
2498,15,51.24201,6.8074,45.0
2499,15,51.242,6.8074,45.0
2500,15,51.24206,6.80787,47.0
2501,15,51.24209,6.80796,47.0
2502,15,51.24208,6.80796,47.0
2503,15,51.24221,6.80843,47.0
2504,15,51.24234,6.80874,47.0
2505,15,51.24234,6.80873,47.0
2506,15,51.24258,6.80849,47.0
2507,15,51.24262,6.80843,47.0
2508,15,51.24267,6.80829,47.0
2509,15,51.2427,6.80817,47.0
2510,15,51.24276,6.8076,45.0
2511,15,51.24276,6.80747,45.0
2512,15,51.24288,6.80737,44.0
2513,15,51.24288,6.80738,44.0
2514,15,51.2435,6.80702,45.0
2515,15,51.2435,6.80701,45.0
2516,15,51.24349,6.80693,45.0
2517,15,51.24351,6.80685,45.0
2518,15,51.24354,6.8068,46.0
2519,15,51.2436,6.80676,46.0
2520,15,51.24362,6.80637,43.0
2521,15,51.24359,6.80621,43.0
2522,15,51.24358,6.80621,43.0
2523,15,51.24337,6.80618,44.0
2524,15,51.24291,6.80604,45.0
2525,15,51.24303,6.80566,44.0
2526,15,51.24306,6.80554,44.0
2527,15,51.24306,6.80539,44.0
2528,15,51.24296,6.80459,45.0
2529,15,51.24295,6.80459,45.0
2530,15,51.24286,6.80439,45.0
2531,15,51.24272,6.80428,45.0
2532,15,51.24272,6.80427,45.0
2533,15,51.2427,6.80425,45.0
2534,15,51.24272,6.80422,44.0
2535,15,51.24305,6.80408,42.0
2536,15,51.24318,6.80395,41.0
2537,15,51.24319,6.80387,41.0
2538,15,51.2432,6.80347,39.0
2539,15,51.24311,6.80296,39.0
2540,15,51.24311,6.80282,40.0
2541,15,51.24312,6.80276,40.0
2542,15,51.24288,6.80282,40.0
2543,15,51.24273,6.80291,41.0
2544,15,51.24263,6.80308,41.0
2545,15,51.24251,6.80346,43.0
2546,15,51.24248,6.80359,43.0
2547,15,51.2425,6.8036,43.0
2548,15,51.24249,6.8036,44.0
2549,15,51.24227,6.80348,44.0
2550,15,51.24201,6.8035,45.0
2551,15,51.24195,6.80353,45.0
2552,15,51.24187,6.8035,45.0
2553,15,51.24167,6.80351,44.0
2554,15,51.24148,6.80359,45.0
2555,15,51.24136,6.80365,45.0
2556,15,51.24124,6.80365,45.0
2557,15,51.24114,6.80362,45.0
2558,15,51.24086,6.80349,43.0
2559,15,51.24074,6.80348,43.0
2560,15,51.24075,6.80347,43.0
2561,15,51.24069,6.80278,44.0
